driver_id,driver_name,constructor_id,constructor_name,weight
1,Lewis Hamilton,1,McLaren,110
1,Lewis Hamilton,131,Mercedes,246
2,Nick Heidfeld,2,BMW Sauber,70
2,Nick Heidfeld,3,Williams,14
2,Nick Heidfeld,4,Renault,11
2,Nick Heidfeld,15,Sauber,55
2,Nick Heidfeld,17,Jordan,18
2,Nick Heidfeld,20,Prost,16
3,Nico Rosberg,3,Williams,70
3,Nico Rosberg,131,Mercedes,136
4,Fernando Alonso,1,McLaren,95
4,Fernando Alonso,4,Renault,106
4,Fernando Alonso,6,Ferrari,96
4,Fernando Alonso,18,Minardi,17
4,Fernando Alonso,117,Aston Martin,46
4,Fernando Alonso,214,Alpine F1 Team,44
5,Heikki Kovalainen,1,McLaren,35
5,Heikki Kovalainen,4,Renault,17
5,Heikki Kovalainen,205,Lotus,38
5,Heikki Kovalainen,207,Caterham,20
5,Heikki Kovalainen,208,Lotus F1,2
6,Kazuki Nakajima,3,Williams,36
7,Sébastien Bourdais,5,Toro Rosso,27
8,Kimi Räikkönen,1,McLaren,88
8,Kimi Räikkönen,6,Ferrari,152
8,Kimi Räikkönen,15,Sauber,17
8,Kimi Räikkönen,51,Alfa Romeo,58
8,Kimi Räikkönen,208,Lotus F1,37
9,Robert Kubica,2,BMW Sauber,57
9,Robert Kubica,3,Williams,21
9,Robert Kubica,4,Renault,19
9,Robert Kubica,51,Alfa Romeo,2
10,Timo Glock,7,Toyota,33
10,Timo Glock,17,Jordan,4
10,Timo Glock,166,Virgin,38
10,Timo Glock,206,Marussia,20
11,Takuma Sato,8,Super Aguri,39
11,Takuma Sato,16,BAR,35
11,Takuma Sato,17,Jordan,17
12,Nelson Piquet Jr.,4,Renault,28
13,Felipe Massa,3,Williams,78
13,Felipe Massa,6,Ferrari,140
13,Felipe Massa,15,Sauber,53
14,David Coulthard,1,McLaren,150
14,David Coulthard,3,Williams,25
14,David Coulthard,9,Red Bull,72
15,Jarno Trulli,4,Renault,48
15,Jarno Trulli,7,Toyota,91
15,Jarno Trulli,17,Jordan,34
15,Jarno Trulli,18,Minardi,7
15,Jarno Trulli,20,Prost,39
15,Jarno Trulli,205,Lotus,37
16,Adrian Sutil,10,Force India,92
16,Adrian Sutil,12,Spyker,17
16,Adrian Sutil,15,Sauber,19
17,Mark Webber,3,Williams,37
17,Mark Webber,9,Red Bull,129
17,Mark Webber,18,Minardi,17
17,Mark Webber,19,Jaguar,34
18,Jenson Button,1,McLaren,137
18,Jenson Button,3,Williams,17
18,Jenson Button,4,Renault,17
18,Jenson Button,11,Honda,53
18,Jenson Button,16,BAR,51
18,Jenson Button,22,Benetton,17
18,Jenson Button,23,Brawn,17
19,Anthony Davidson,8,Super Aguri,21
19,Anthony Davidson,16,BAR,1
19,Anthony Davidson,18,Minardi,2
20,Sebastian Vettel,2,BMW Sauber,1
20,Sebastian Vettel,5,Toro Rosso,25
20,Sebastian Vettel,6,Ferrari,119
20,Sebastian Vettel,9,Red Bull,113
20,Sebastian Vettel,117,Aston Martin,42
21,Giancarlo Fisichella,4,Renault,54
21,Giancarlo Fisichella,6,Ferrari,5
21,Giancarlo Fisichella,10,Force India,30
21,Giancarlo Fisichella,15,Sauber,18
21,Giancarlo Fisichella,17,Jordan,50
21,Giancarlo Fisichella,18,Minardi,8
21,Giancarlo Fisichella,22,Benetton,66
22,Rubens Barrichello,3,Williams,38
22,Rubens Barrichello,6,Ferrari,104
22,Rubens Barrichello,11,Honda,53
22,Rubens Barrichello,17,Jordan,65
22,Rubens Barrichello,23,Brawn,17
22,Rubens Barrichello,24,Stewart,49
23,Ralf Schumacher,3,Williams,94
23,Ralf Schumacher,7,Toyota,53
23,Ralf Schumacher,17,Jordan,33
24,Vitantonio Liuzzi,5,Toro Rosso,35
24,Vitantonio Liuzzi,9,Red Bull,4
24,Vitantonio Liuzzi,10,Force India,24
24,Vitantonio Liuzzi,164,HRT,18
25,Alexander Wurz,1,McLaren,1
25,Alexander Wurz,3,Williams,16
25,Alexander Wurz,22,Benetton,52
26,Scott Speed,5,Toro Rosso,28
27,Christijan Albers,12,Spyker,9
27,Christijan Albers,13,MF1,14
27,Christijan Albers,14,Spyker MF1,4
27,Christijan Albers,18,Minardi,19
28,Markus Winkelhock,12,Spyker,1
29,Sakon Yamamoto,8,Super Aguri,7
29,Sakon Yamamoto,12,Spyker,7
29,Sakon Yamamoto,164,HRT,7
30,Michael Schumacher,6,Ferrari,181
30,Michael Schumacher,17,Jordan,1
30,Michael Schumacher,22,Benetton,68
30,Michael Schumacher,131,Mercedes,58
31,Juan Pablo Montoya,1,McLaren,27
31,Juan Pablo Montoya,3,Williams,68
32,Christian Klien,9,Red Bull,30
32,Christian Klien,19,Jaguar,18
32,Christian Klien,164,HRT,3
33,Tiago Monteiro,13,MF1,14
33,Tiago Monteiro,14,Spyker MF1,4
33,Tiago Monteiro,17,Jordan,19
34,Yuji Ide,8,Super Aguri,4
35,Jacques Villeneuve,2,BMW Sauber,12
35,Jacques Villeneuve,3,Williams,49
35,Jacques Villeneuve,4,Renault,3
35,Jacques Villeneuve,15,Sauber,19
35,Jacques Villeneuve,16,BAR,82
36,Franck Montagny,8,Super Aguri,7
37,Pedro de la Rosa,1,McLaren,9
37,Pedro de la Rosa,15,Sauber,15
37,Pedro de la Rosa,19,Jaguar,30
37,Pedro de la Rosa,21,Arrows,33
37,Pedro de la Rosa,164,HRT,20
38,Robert Doornbos,9,Red Bull,3
38,Robert Doornbos,18,Minardi,8
39,Narain Karthikeyan,17,Jordan,19
39,Narain Karthikeyan,164,HRT,29
40,Patrick Friesacher,18,Minardi,11
41,Ricardo Zonta,7,Toyota,6
41,Ricardo Zonta,16,BAR,30
41,Ricardo Zonta,17,Jordan,2
42,Antônio Pizzonia,3,Williams,9
42,Antônio Pizzonia,19,Jaguar,11
43,Cristiano da Matta,7,Toyota,28
44,Olivier Panis,7,Toyota,33
44,Olivier Panis,16,BAR,34
44,Olivier Panis,20,Prost,42
44,Olivier Panis,27,Ligier,49
45,Giorgio Pantano,17,Jordan,14
46,Gianmaria Bruni,18,Minardi,18
47,Zsolt Baumgartner,17,Jordan,2
47,Zsolt Baumgartner,18,Minardi,18
48,Marc Gené,3,Williams,3
48,Marc Gené,18,Minardi,33
49,Heinz-Harald Frentzen,3,Williams,33
49,Heinz-Harald Frentzen,15,Sauber,66
49,Heinz-Harald Frentzen,17,Jordan,43
49,Heinz-Harald Frentzen,20,Prost,5
49,Heinz-Harald Frentzen,21,Arrows,12
50,Jos Verstappen,18,Minardi,16
50,Jos Verstappen,21,Arrows,34
50,Jos Verstappen,22,Benetton,10
50,Jos Verstappen,24,Stewart,9
50,Jos Verstappen,25,Tyrrell,17
50,Jos Verstappen,29,Footwork,16
50,Jos Verstappen,31,Simtek,5
51,Justin Wilson,18,Minardi,11
51,Justin Wilson,19,Jaguar,5
52,Ralph Firman,17,Jordan,14
53,Nicolas Kiesa,18,Minardi,5
54,Luciano Burti,19,Jaguar,5
54,Luciano Burti,20,Prost,10
55,Jean Alesi,6,Ferrari,79
55,Jean Alesi,15,Sauber,32
55,Jean Alesi,17,Jordan,5
55,Jean Alesi,20,Prost,29
55,Jean Alesi,22,Benetton,33
55,Jean Alesi,25,Tyrrell,24
56,Eddie Irvine,6,Ferrari,65
56,Eddie Irvine,17,Jordan,32
56,Eddie Irvine,19,Jaguar,50
57,Mika Häkkinen,1,McLaren,133
57,Mika Häkkinen,32,Team Lotus,32
58,Tarso Marques,18,Minardi,26
59,Enrique Bernoldi,21,Arrows,29
60,Gastón Mazzacane,18,Minardi,17
60,Gastón Mazzacane,20,Prost,4
61,Tomáš Enge,20,Prost,3
62,Alex Yoong,18,Minardi,16
63,Mika Salo,6,Ferrari,6
63,Mika Salo,7,Toyota,17
63,Mika Salo,15,Sauber,17
63,Mika Salo,16,BAR,3
63,Mika Salo,21,Arrows,16
63,Mika Salo,25,Tyrrell,50
63,Mika Salo,32,Team Lotus,2
64,Pedro Diniz,15,Sauber,33
64,Pedro Diniz,21,Arrows,33
64,Pedro Diniz,27,Ligier,16
64,Pedro Diniz,28,Forti,17
65,Johnny Herbert,15,Sauber,49
65,Johnny Herbert,19,Jaguar,17
65,Johnny Herbert,22,Benetton,25
65,Johnny Herbert,24,Stewart,16
65,Johnny Herbert,25,Tyrrell,2
65,Johnny Herbert,27,Ligier,1
65,Johnny Herbert,32,Team Lotus,55
66,Allan McNish,7,Toyota,17
67,Sébastien Buemi,5,Toro Rosso,55
68,Toranosuke Takagi,21,Arrows,16
68,Toranosuke Takagi,25,Tyrrell,16
69,Luca Badoer,6,Ferrari,2
69,Luca Badoer,18,Minardi,32
69,Luca Badoer,26,Lola,14
69,Luca Badoer,28,Forti,10
70,Alessandro Zanardi,3,Williams,16
70,Alessandro Zanardi,17,Jordan,3
70,Alessandro Zanardi,18,Minardi,3
70,Alessandro Zanardi,32,Team Lotus,22
71,Damon Hill,3,Williams,65
71,Damon Hill,17,Jordan,32
71,Damon Hill,21,Arrows,17
71,Damon Hill,34,Brabham,8
72,Stéphane Sarrazin,18,Minardi,1
73,Ricardo Rosset,25,Tyrrell,13
73,Ricardo Rosset,26,Lola,1
73,Ricardo Rosset,29,Footwork,16
74,Esteban Tuero,18,Minardi,16
75,Shinji Nakano,18,Minardi,16
75,Shinji Nakano,20,Prost,17
76,Jan Magnussen,1,McLaren,1
76,Jan Magnussen,24,Stewart,24
77,Gerhard Berger,1,McLaren,48
77,Gerhard Berger,6,Ferrari,96
77,Gerhard Berger,21,Arrows,16
77,Gerhard Berger,22,Benetton,46
77,Gerhard Berger,54,ATS,4
78,Nicola Larini,6,Ferrari,4
78,Nicola Larini,15,Sauber,5
78,Nicola Larini,27,Ligier,16
78,Nicola Larini,40,Lambo,16
78,Nicola Larini,42,Coloni,2
78,Nicola Larini,45,Osella,32
79,Ukyo Katayama,18,Minardi,17
79,Ukyo Katayama,25,Tyrrell,64
79,Ukyo Katayama,33,Larrousse,16
80,Vincenzo Sospiri,26,Lola,1
81,Gianni Morbidelli,6,Ferrari,1
81,Gianni Morbidelli,15,Sauber,8
81,Gianni Morbidelli,18,Minardi,33
81,Gianni Morbidelli,29,Footwork,26
81,Gianni Morbidelli,35,Dallara,2
82,Norberto Fontana,15,Sauber,4
83,Pedro Lamy,18,Minardi,24
83,Pedro Lamy,32,Team Lotus,8
84,Martin Brundle,1,McLaren,16
84,Martin Brundle,3,Williams,1
84,Martin Brundle,17,Jordan,16
84,Martin Brundle,22,Benetton,16
84,Martin Brundle,25,Tyrrell,41
84,Martin Brundle,27,Ligier,27
84,Martin Brundle,34,Brabham,32
84,Martin Brundle,49,Zakspeed,16
85,Andrea Montermini,28,Forti,10
85,Andrea Montermini,30,Pacific,17
85,Andrea Montermini,31,Simtek,1
86,Giovanni Lavaggi,18,Minardi,6
86,Giovanni Lavaggi,30,Pacific,4
87,Mark Blundell,1,McLaren,15
87,Mark Blundell,25,Tyrrell,16
87,Mark Blundell,27,Ligier,16
87,Mark Blundell,34,Brabham,16
88,Aguri Suzuki,17,Jordan,1
88,Aguri Suzuki,26,Lola,13
88,Aguri Suzuki,27,Ligier,6
88,Aguri Suzuki,29,Footwork,32
88,Aguri Suzuki,33,Larrousse,20
88,Aguri Suzuki,49,Zakspeed,16
89,Taki Inoue,29,Footwork,17
89,Taki Inoue,31,Simtek,1
90,Roberto Moreno,17,Jordan,2
90,Roberto Moreno,18,Minardi,1
90,Roberto Moreno,22,Benetton,13
90,Roberto Moreno,28,Forti,17
90,Roberto Moreno,32,Team Lotus,1
90,Roberto Moreno,38,Andrea Moda,8
90,Roberto Moreno,39,AGS,2
90,Roberto Moreno,42,Coloni,16
90,Roberto Moreno,44,Euro Brun,14
91,Karl Wendlinger,15,Sauber,26
91,Karl Wendlinger,37,March,14
91,Karl Wendlinger,41,Leyton House,2
92,Bertrand Gachot,17,Jordan,10
92,Bertrand Gachot,30,Pacific,27
92,Bertrand Gachot,33,Larrousse,17
92,Bertrand Gachot,42,Coloni,16
92,Bertrand Gachot,46,Onyx,12
92,Bertrand Gachot,48,Rial,2
93,Domenico Schiattarella,31,Simtek,7
94,Pierluigi Martini,18,Minardi,106
94,Pierluigi Martini,35,Dallara,16
94,Pierluigi Martini,53,Toleman,1
95,Nigel Mansell,1,McLaren,2
95,Nigel Mansell,3,Williams,97
95,Nigel Mansell,6,Ferrari,31
95,Nigel Mansell,32,Team Lotus,62
96,Jean-Christophe Boullion,15,Sauber,11
97,Massimiliano Papis,29,Footwork,7
98,Jean-Denis Délétraz,30,Pacific,2
98,Jean-Denis Délétraz,33,Larrousse,1
99,Gabriele Tarquini,25,Tyrrell,1
99,Gabriele Tarquini,36,Fondmetal,16
99,Gabriele Tarquini,39,AGS,44
99,Gabriele Tarquini,42,Coloni,16
99,Gabriele Tarquini,45,Osella,1
100,Érik Comas,27,Ligier,32
100,Érik Comas,33,Larrousse,31
101,David Brabham,31,Simtek,16
101,David Brabham,34,Brabham,14
102,Ayrton Senna,1,McLaren,96
102,Ayrton Senna,3,Williams,3
102,Ayrton Senna,32,Team Lotus,48
102,Ayrton Senna,53,Toleman,15
103,Éric Bernard,26,Lola,13
103,Éric Bernard,27,Ligier,13
103,Éric Bernard,32,Team Lotus,1
103,Éric Bernard,33,Larrousse,20
104,Christian Fittipaldi,18,Minardi,27
104,Christian Fittipaldi,29,Footwork,16
105,Michele Alboreto,6,Ferrari,80
105,Michele Alboreto,18,Minardi,16
105,Michele Alboreto,21,Arrows,16
105,Michele Alboreto,25,Tyrrell,49
105,Michele Alboreto,26,Lola,14
105,Michele Alboreto,29,Footwork,32
105,Michele Alboreto,33,Larrousse,8
106,Olivier Beretta,33,Larrousse,10
107,Roland Ratzenberger,31,Simtek,3
108,Paul Belmondo,30,Pacific,16
108,Paul Belmondo,37,March,11
109,Jyrki Järvilehto,15,Sauber,18
109,Jyrki Järvilehto,22,Benetton,6
109,Jyrki Järvilehto,35,Dallara,32
109,Jyrki Järvilehto,46,Onyx,14
110,Andrea de Cesaris,1,McLaren,15
110,Andrea de Cesaris,15,Sauber,9
110,Andrea de Cesaris,17,Jordan,18
110,Andrea de Cesaris,18,Minardi,16
110,Andrea de Cesaris,25,Tyrrell,32
110,Andrea de Cesaris,27,Ligier,27
110,Andrea de Cesaris,34,Brabham,16
110,Andrea de Cesaris,35,Dallara,32
110,Andrea de Cesaris,48,Rial,16
110,Andrea de Cesaris,51,Alfa Romeo,33
111,Jean-Marc Gounon,18,Minardi,2
111,Jean-Marc Gounon,31,Simtek,7
112,Philippe Alliot,1,McLaren,1
112,Philippe Alliot,27,Ligier,23
112,Philippe Alliot,33,Larrousse,62
112,Philippe Alliot,50,RAM,29
113,Philippe Adams,32,Team Lotus,2
114,Yannick Dalmas,33,Larrousse,25
114,Yannick Dalmas,39,AGS,25
115,Hideki Noda,33,Larrousse,3
116,Franck Lagorce,27,Ligier,2
117,Alain Prost,1,McLaren,109
117,Alain Prost,3,Williams,16
117,Alain Prost,4,Renault,46
117,Alain Prost,6,Ferrari,31
118,Derek Warwick,4,Renault,31
118,Derek Warwick,21,Arrows,47
118,Derek Warwick,29,Footwork,16
118,Derek Warwick,32,Team Lotus,16
118,Derek Warwick,34,Brabham,11
118,Derek Warwick,53,Toleman,41
119,Riccardo Patrese,3,Williams,81
119,Riccardo Patrese,21,Arrows,58
119,Riccardo Patrese,22,Benetton,16
119,Riccardo Patrese,34,Brabham,61
119,Riccardo Patrese,51,Alfa Romeo,32
119,Riccardo Patrese,58,Shadow,9
120,Fabrizio Barbazza,18,Minardi,8
120,Fabrizio Barbazza,39,AGS,12
121,Michael Andretti,1,McLaren,13
122,Ivan Capelli,6,Ferrari,14
122,Ivan Capelli,17,Jordan,2
122,Ivan Capelli,25,Tyrrell,2
122,Ivan Capelli,37,March,48
122,Ivan Capelli,39,AGS,2
122,Ivan Capelli,41,Leyton House,30
123,Thierry Boutsen,3,Williams,32
123,Thierry Boutsen,17,Jordan,10
123,Thierry Boutsen,21,Arrows,58
123,Thierry Boutsen,22,Benetton,32
123,Thierry Boutsen,27,Ligier,32
124,Marco Apicella,17,Jordan,1
125,Emanuele Naspetti,17,Jordan,1
125,Emanuele Naspetti,37,March,5
126,Toshio Suzuki,33,Larrousse,2
127,Maurício Gugelmin,17,Jordan,16
127,Maurício Gugelmin,37,March,32
127,Maurício Gugelmin,41,Leyton House,32
128,Eric van de Poele,34,Brabham,10
128,Eric van de Poele,36,Fondmetal,3
128,Eric van de Poele,40,Lambo,16
129,Olivier Grouillard,25,Tyrrell,16
129,Olivier Grouillard,27,Ligier,16
129,Olivier Grouillard,36,Fondmetal,13
129,Olivier Grouillard,39,AGS,1
129,Olivier Grouillard,45,Osella,16
130,Andrea Chiesa,36,Fondmetal,10
131,Stefano Modena,17,Jordan,16
131,Stefano Modena,25,Tyrrell,16
131,Stefano Modena,34,Brabham,33
131,Stefano Modena,44,Euro Brun,16
132,Giovanna Amati,34,Brabham,3
133,Alex Caffi,21,Arrows,14
133,Alex Caffi,29,Footwork,12
133,Alex Caffi,35,Dallara,32
133,Alex Caffi,45,Osella,17
134,Enrico Bertaggia,42,Coloni,6
135,Perry McCarthy,38,Andrea Moda,7
136,Jan Lammers,37,March,2
136,Jan Lammers,54,ATS,10
136,Jan Lammers,55,Theodore,6
136,Jan Lammers,57,Ensign,8
136,Jan Lammers,58,Shadow,15
137,Nelson Piquet,1,McLaren,3
137,Nelson Piquet,3,Williams,32
137,Nelson Piquet,22,Benetton,32
137,Nelson Piquet,32,Team Lotus,32
137,Nelson Piquet,34,Brabham,92
137,Nelson Piquet,57,Ensign,1
137,Nelson Piquet,182,Brabham-Ford,2
137,Nelson Piquet,204,Brabham-Alfa Romeo,13
138,Satoru Nakajima,25,Tyrrell,32
138,Satoru Nakajima,32,Team Lotus,48
139,Emanuele Pirro,22,Benetton,10
139,Emanuele Pirro,35,Dallara,30
140,Stefan Johansson,1,McLaren,16
140,Stefan Johansson,6,Ferrari,31
140,Stefan Johansson,25,Tyrrell,5
140,Stefan Johansson,27,Ligier,16
140,Stefan Johansson,29,Footwork,4
140,Stefan Johansson,39,AGS,2
140,Stefan Johansson,46,Onyx,18
140,Stefan Johansson,52,Spirit,6
140,Stefan Johansson,53,Toleman,3
140,Stefan Johansson,58,Shadow,2
141,Julian Bailey,25,Tyrrell,16
141,Julian Bailey,32,Team Lotus,4
142,,42,Coloni,13
143,Michael Bartels,32,Team Lotus,4
144,,42,Coloni,2
145,Alessandro Nannini,18,Minardi,31
145,Alessandro Nannini,22,Benetton,46
146,Bernd Schneider,21,Arrows,2
146,Bernd Schneider,49,Zakspeed,30
147,Paolo Barilla,18,Minardi,15
148,Gregor Foitek,34,Brabham,2
148,Gregor Foitek,44,Euro Brun,11
148,Gregor Foitek,46,Onyx,8
148,Gregor Foitek,48,Rial,1
149,Claudio Langes,44,Euro Brun,14
150,,47,Life,2
151,Martin Donnelly,21,Arrows,1
151,Martin Donnelly,32,Team Lotus,14
152,Bruno Giacomelli,1,McLaren,6
152,Bruno Giacomelli,47,Life,12
152,Bruno Giacomelli,51,Alfa Romeo,49
152,Bruno Giacomelli,53,Toleman,15
153,Jaime Alguersuari,5,Toro Rosso,46
154,Romain Grosjean,4,Renault,7
154,Romain Grosjean,208,Lotus F1,76
154,Romain Grosjean,210,Haas F1 Team,98
155,Kamui Kobayashi,7,Toyota,2
155,Kamui Kobayashi,15,Sauber,58
155,Kamui Kobayashi,207,Caterham,16
156,Jonathan Palmer,3,Williams,1
156,Jonathan Palmer,25,Tyrrell,48
156,Jonathan Palmer,49,Zakspeed,24
156,Jonathan Palmer,50,RAM,15
157,Christian Danner,21,Arrows,10
157,Christian Danner,45,Osella,6
157,Christian Danner,48,Rial,13
157,Christian Danner,49,Zakspeed,18
158,Eddie Cheever,4,Renault,15
158,Eddie Cheever,21,Arrows,48
158,Eddie Cheever,25,Tyrrell,15
158,Eddie Cheever,26,Lola,1
158,Eddie Cheever,27,Ligier,15
158,Eddie Cheever,45,Osella,14
158,Eddie Cheever,51,Alfa Romeo,32
158,Eddie Cheever,55,Theodore,2
158,Eddie Cheever,64,Hesketh,1
159,Luis Pérez-Sala,18,Minardi,32
160,Piercarlo Ghinzani,27,Ligier,15
160,Piercarlo Ghinzani,45,Osella,73
160,Piercarlo Ghinzani,49,Zakspeed,16
160,Piercarlo Ghinzani,53,Toleman,7
161,Volker Weidler,48,Rial,10
162,Pierre-Henri Raphanel,33,Larrousse,1
162,Pierre-Henri Raphanel,42,Coloni,10
162,Pierre-Henri Raphanel,48,Rial,6
163,René Arnoux,4,Renault,60
163,René Arnoux,6,Ferrari,32
163,René Arnoux,27,Ligier,63
163,René Arnoux,63,Surtees,1
163,René Arnoux,65,Martini,8
164,Joachim Winkelhock,39,AGS,7
165,Oscar Larrauri,44,Euro Brun,21
166,Philippe Streiff,4,Renault,1
166,Philippe Streiff,25,Tyrrell,33
166,Philippe Streiff,27,Ligier,4
166,Philippe Streiff,39,AGS,16
167,Adrián Campos,18,Minardi,21
168,Jean-Louis Schlesser,3,Williams,1
168,Jean-Louis Schlesser,50,RAM,1
169,,39,AGS,12
170,Teo Fabi,22,Benetton,32
170,Teo Fabi,34,Brabham,12
170,Teo Fabi,53,Toleman,27
171,Franco Forini,45,Osella,2
172,Jacques Laffite,3,Williams,43
172,Jacques Laffite,27,Ligier,132
172,Jacques Laffite,80,Iso Marlboro,5
173,Elio de Angelis,32,Team Lotus,91
173,Elio de Angelis,34,Brabham,4
173,Elio de Angelis,58,Shadow,15
174,Johnny Dumfries,32,Team Lotus,16
175,Patrick Tambay,1,McLaren,30
175,Patrick Tambay,4,Renault,30
175,Patrick Tambay,6,Ferrari,23
175,Patrick Tambay,26,Lola,15
175,Patrick Tambay,27,Ligier,8
175,Patrick Tambay,55,Theodore,7
175,Patrick Tambay,57,Ensign,8
175,Patrick Tambay,63,Surtees,1
176,Marc Surer,21,Arrows,48
176,Marc Surer,34,Brabham,12
176,Marc Surer,54,ATS,11
176,Marc Surer,55,Theodore,8
176,Marc Surer,57,Ensign,9
177,Keke Rosberg,1,McLaren,16
177,Keke Rosberg,3,Williams,62
177,Keke Rosberg,54,ATS,5
177,Keke Rosberg,55,Theodore,5
177,Keke Rosberg,56,Fittipaldi,28
177,Keke Rosberg,59,Wolf,12
178,Alan Jones,3,Williams,60
178,Alan Jones,21,Arrows,1
178,Alan Jones,26,Lola,20
178,Alan Jones,58,Shadow,14
178,Alan Jones,63,Surtees,14
178,Alan Jones,64,Hesketh,4
178,Alan Jones,75,Embassy Hill,4
179,Huub Rothengatter,45,Osella,7
179,Huub Rothengatter,49,Zakspeed,13
179,Huub Rothengatter,52,Spirit,8
180,Allen Berg,45,Osella,9
181,Manfred Winkelhock,21,Arrows,1
181,Manfred Winkelhock,34,Brabham,1
181,Manfred Winkelhock,50,RAM,9
181,Manfred Winkelhock,54,ATS,44
182,Niki Lauda,1,McLaren,59
182,Niki Lauda,6,Ferrari,58
182,Niki Lauda,34,Brabham,16
182,Niki Lauda,37,March,12
182,Niki Lauda,66,BRM,14
182,Niki Lauda,182,Brabham-Ford,1
182,Niki Lauda,200,March-Ford,1
182,Niki Lauda,204,Brabham-Alfa Romeo,13
183,François Hesnault,4,Renault,1
183,François Hesnault,27,Ligier,15
183,François Hesnault,34,Brabham,4
184,Mauro Baldi,21,Arrows,15
184,Mauro Baldi,51,Alfa Romeo,15
184,Mauro Baldi,52,Spirit,11
185,Stefan Bellof,25,Tyrrell,22
186,Kenny Acheson,50,RAM,9
187,John Watson,1,McLaren,75
187,John Watson,32,Team Lotus,1
187,John Watson,34,Brabham,50
187,John Watson,63,Surtees,11
187,John Watson,67,Penske,17
188,Johnny Cecotto,53,Toleman,10
188,Johnny Cecotto,55,Theodore,13
189,Jo Gartner,45,Osella,8
190,Corrado Fabi,34,Brabham,3
190,Corrado Fabi,45,Osella,15
191,Mike Thackwell,21,Arrows,1
191,Mike Thackwell,25,Tyrrell,3
191,Mike Thackwell,50,RAM,1
192,Chico Serra,21,Arrows,4
192,Chico Serra,56,Fittipaldi,28
193,Danny Sullivan,25,Tyrrell,15
194,Eliseo Salazar,37,March,5
194,Eliseo Salazar,45,Osella,1
194,Eliseo Salazar,50,RAM,6
194,Eliseo Salazar,54,ATS,16
194,Eliseo Salazar,57,Ensign,9
195,Roberto Guerrero,55,Theodore,14
195,Roberto Guerrero,57,Ensign,15
196,Raul Boesel,27,Ligier,15
196,Raul Boesel,37,March,15
197,Jean-Pierre Jarier,25,Tyrrell,27
197,Jean-Pierre Jarier,27,Ligier,18
197,Jean-Pierre Jarier,32,Team Lotus,2
197,Jean-Pierre Jarier,37,March,10
197,Jean-Pierre Jarier,45,Osella,23
197,Jean-Pierre Jarier,54,ATS,6
197,Jean-Pierre Jarier,58,Shadow,31
197,Jean-Pierre Jarier,67,Penske,11
197,Jean-Pierre Jarier,200,March-Ford,1
197,Jean-Pierre Jarier,202,Shadow-Ford,12
197,Jean-Pierre Jarier,203,Shadow-Matra,2
198,Jacques Villeneuve Sr.,21,Arrows,2
198,Jacques Villeneuve Sr.,50,RAM,1
199,Carlos Reutemann,3,Williams,31
199,Carlos Reutemann,6,Ferrari,34
199,Carlos Reutemann,32,Team Lotus,15
199,Carlos Reutemann,34,Brabham,54
199,Carlos Reutemann,204,Brabham-Alfa Romeo,12
200,Jochen Mass,1,McLaren,49
200,Jochen Mass,21,Arrows,28
200,Jochen Mass,37,March,10
200,Jochen Mass,54,ATS,13
200,Jochen Mass,63,Surtees,14
201,Slim Borgudd,25,Tyrrell,3
201,Slim Borgudd,54,ATS,12
202,Didier Pironi,6,Ferrari,27
202,Didier Pironi,25,Tyrrell,31
202,Didier Pironi,27,Ligier,14
203,Gilles Villeneuve,1,McLaren,1
203,Gilles Villeneuve,6,Ferrari,67
204,Riccardo Paletti,45,Osella,8
205,Brian Henton,21,Arrows,3
205,Brian Henton,25,Tyrrell,13
205,Brian Henton,32,Team Lotus,3
205,Brian Henton,37,March,4
205,Brian Henton,53,Toleman,12
205,Brian Henton,70,Boro,2
206,Derek Daly,3,Williams,12
206,Derek Daly,25,Tyrrell,17
206,Derek Daly,37,March,15
206,Derek Daly,55,Theodore,3
206,Derek Daly,57,Ensign,14
206,Derek Daly,64,Hesketh,3
207,Mario Andretti,3,Williams,1
207,Mario Andretti,6,Ferrari,13
207,Mario Andretti,32,Team Lotus,75
207,Mario Andretti,37,March,5
207,Mario Andretti,51,Alfa Romeo,15
207,Mario Andretti,73,Parnelli,16
207,Mario Andretti,180,Lotus-Ford,4
208,Emilio de Villota,1,McLaren,8
208,Emilio de Villota,37,March,5
208,Emilio de Villota,182,Brabham-Ford,1
209,Geoff Lees,3,Williams,1
209,Geoff Lees,25,Tyrrell,1
209,Geoff Lees,32,Team Lotus,1
209,Geoff Lees,55,Theodore,1
209,Geoff Lees,57,Ensign,3
209,Geoff Lees,58,Shadow,5
210,,55,Theodore,5
211,Rupert Keegan,3,Williams,7
211,Rupert Keegan,37,March,5
211,Rupert Keegan,63,Surtees,13
211,Rupert Keegan,64,Hesketh,12
212,Hector Rebaque,32,Team Lotus,27
212,Hector Rebaque,34,Brabham,22
212,Hector Rebaque,62,Rebaque,3
212,Hector Rebaque,64,Hesketh,6
213,Beppe Gabbiani,45,Osella,15
213,Beppe Gabbiani,63,Surtees,2
214,Kevin Cogan,3,Williams,1
214,Kevin Cogan,25,Tyrrell,1
215,Miguel Ángel Guerra,45,Osella,4
216,Siegfried Stohr,21,Arrows,13
217,Ricardo Zunino,25,Tyrrell,2
217,Ricardo Zunino,34,Brabham,7
217,Ricardo Zunino,182,Brabham-Ford,2
218,Ricardo Londoño,57,Ensign,1
219,Jean-Pierre Jabouille,4,Renault,47
219,Jean-Pierre Jabouille,25,Tyrrell,1
219,Jean-Pierre Jabouille,27,Ligier,5
219,Jean-Pierre Jabouille,63,Surtees,1
219,Jean-Pierre Jabouille,80,Iso Marlboro,1
220,Giorgio Francia,34,Brabham,1
220,Giorgio Francia,45,Osella,1
221,Patrick Depailler,25,Tyrrell,80
221,Patrick Depailler,27,Ligier,7
221,Patrick Depailler,51,Alfa Romeo,8
222,Jody Scheckter,1,McLaren,6
222,Jody Scheckter,6,Ferrari,29
222,Jody Scheckter,25,Tyrrell,45
222,Jody Scheckter,59,Wolf,33
223,Clay Regazzoni,3,Williams,15
223,Clay Regazzoni,6,Ferrari,73
223,Clay Regazzoni,57,Ensign,20
223,Clay Regazzoni,58,Shadow,16
223,Clay Regazzoni,66,BRM,14
224,Emerson Fittipaldi,1,McLaren,29
224,Emerson Fittipaldi,32,Team Lotus,33
224,Emerson Fittipaldi,56,Fittipaldi,77
224,Emerson Fittipaldi,180,Lotus-Ford,9
224,Emerson Fittipaldi,201,Lotus-Pratt &amp; Whitney,1
225,Dave Kennedy,58,Shadow,7
226,Stephen South,1,McLaren,1
227,,57,Ensign,2
228,Desiré Wilson,3,Williams,1
229,Harald Ertl,54,ATS,2
229,Harald Ertl,57,Ensign,4
229,Harald Ertl,64,Hesketh,23
230,Vittorio Brambilla,37,March,42
230,Vittorio Brambilla,51,Alfa Romeo,5
230,Vittorio Brambilla,63,Surtees,31
231,James Hunt,1,McLaren,49
231,James Hunt,37,March,10
231,James Hunt,59,Wolf,7
231,James Hunt,64,Hesketh,27
232,Arturo Merzario,3,Williams,6
232,Arturo Merzario,6,Ferrari,11
232,Arturo Merzario,37,March,14
232,Arturo Merzario,56,Fittipaldi,1
232,Arturo Merzario,58,Shadow,1
232,Arturo Merzario,59,Wolf,7
232,Arturo Merzario,60,Merzario,30
232,Arturo Merzario,80,Iso Marlboro,14
233,Hans-Joachim Stuck,34,Brabham,14
233,Hans-Joachim Stuck,37,March,36
233,Hans-Joachim Stuck,54,ATS,15
233,Hans-Joachim Stuck,58,Shadow,16
234,,60,Merzario,1
234,,61,Kauhsen,2
235,Jacky Ickx,1,McLaren,1
235,Jacky Ickx,6,Ferrari,56
235,Jacky Ickx,27,Ligier,8
235,Jacky Ickx,32,Team Lotus,24
235,Jacky Ickx,57,Ensign,9
235,Jacky Ickx,59,Wolf,8
235,Jacky Ickx,80,Iso Marlboro,1
235,Jacky Ickx,82,Matra,1
235,Jacky Ickx,167,Cooper-Maserati,2
235,Jacky Ickx,182,Brabham-Ford,11
236,,57,Ensign,5
237,Alex Ribeiro,37,March,17
237,Alex Ribeiro,56,Fittipaldi,2
237,Alex Ribeiro,64,Hesketh,1
238,Ronnie Peterson,25,Tyrrell,17
238,Ronnie Peterson,32,Team Lotus,59
238,Ronnie Peterson,37,March,36
238,Ronnie Peterson,199,March-Alfa Romeo,1
238,Ronnie Peterson,200,March-Ford,10
239,Brett Lunger,1,McLaren,23
239,Brett Lunger,37,March,3
239,Brett Lunger,57,Ensign,1
239,Brett Lunger,63,Surtees,12
239,Brett Lunger,64,Hesketh,3
240,Danny Ongais,57,Ensign,2
240,Danny Ongais,58,Shadow,2
240,Danny Ongais,67,Penske,2
241,Lamberto Leoni,57,Ensign,4
241,Lamberto Leoni,63,Surtees,1
242,Divina Galica,63,Surtees,1
242,Divina Galica,64,Hesketh,2
243,Rolf Stommelen,21,Arrows,14
243,Rolf Stommelen,26,Lola,7
243,Rolf Stommelen,34,Brabham,16
243,Rolf Stommelen,37,March,8
243,Rolf Stommelen,63,Surtees,10
243,Rolf Stommelen,64,Hesketh,1
243,Rolf Stommelen,75,Embassy Hill,3
243,Rolf Stommelen,204,Brabham-Alfa Romeo,2
244,Alberto Colombo,54,ATS,2
244,Alberto Colombo,60,Merzario,1
245,Tony Trimmer,1,McLaren,1
245,Tony Trimmer,63,Surtees,1
245,Tony Trimmer,74,Maki,4
246,Hans Binder,54,ATS,1
246,Hans Binder,57,Ensign,1
246,Hans Binder,59,Wolf,1
246,Hans Binder,63,Surtees,9
246,Hans Binder,67,Penske,3
247,Michael Bleekemolen,37,March,1
247,Michael Bleekemolen,54,ATS,4
248,Carlo Franchi,63,Surtees,1
249,Bobby Rahal,59,Wolf,2
250,Carlos Pace,34,Brabham,24
250,Carlos Pace,37,March,11
250,Carlos Pace,63,Surtees,22
250,Carlos Pace,204,Brabham-Alfa Romeo,16
251,Ian Scheckter,3,Williams,2
251,Ian Scheckter,25,Tyrrell,2
251,Ian Scheckter,32,Team Lotus,1
251,Ian Scheckter,37,March,14
251,Ian Scheckter,64,Hesketh,1
252,Tom Pryce,58,Shadow,27
252,Tom Pryce,79,Token,1
252,Tom Pryce,202,Shadow-Ford,14
253,Ingo Hoffmann,56,Fittipaldi,6
254,Renzo Zorzi,3,Williams,2
254,Renzo Zorzi,58,Shadow,5
255,Gunnar Nilsson,32,Team Lotus,32
256,Larry Perkins,63,Surtees,3
256,Larry Perkins,66,BRM,2
256,Larry Perkins,70,Boro,6
256,Larry Perkins,78,Amon,1
256,Larry Perkins,204,Brabham-Alfa Romeo,3
257,Boy Lunger,37,March,6
257,Boy Lunger,67,Penske,1
258,Patrick Nève,37,March,11
258,Patrick Nève,57,Ensign,1
258,Patrick Nève,182,Brabham-Ford,1
259,David Purley,37,March,5
259,David Purley,68,LEC,5
259,David Purley,79,Token,1
260,Conny Andersson,63,Surtees,1
260,Conny Andersson,66,BRM,4
261,Bernard de Dryver,37,March,1
262,Jackie Oliver,1,McLaren,3
262,Jackie Oliver,58,Shadow,14
262,Jackie Oliver,66,BRM,23
262,Jackie Oliver,180,Lotus-Ford,10
262,Jackie Oliver,197,BRM-Ford,1
263,Mikko Kozarowitzky,37,March,2
264,Andy Sutcliffe,37,March,1
265,Guy Edwards,26,Lola,9
265,Guy Edwards,64,Hesketh,6
265,Guy Edwards,66,BRM,1
266,,69,McGuire,1
267,Vern Schuppan,57,Ensign,7
267,Vern Schuppan,63,Surtees,4
267,Vern Schuppan,75,Embassy Hill,1
268,Hans Heyer,67,Penske,1
269,Teddy Pilette,34,Brabham,1
269,Teddy Pilette,66,BRM,3
270,Ian Ashley,3,Williams,1
270,Ian Ashley,34,Brabham,2
270,Ian Ashley,64,Hesketh,5
270,Ian Ashley,66,BRM,1
270,Ian Ashley,79,Token,2
271,Loris Kessel,71,Apollon,1
271,Loris Kessel,182,Brabham-Ford,5
272,Kunimitsu Takahashi,25,Tyrrell,1
273,Kazuyoshi Hoshino,25,Tyrrell,1
273,Kazuyoshi Hoshino,72,Kojima,1
274,Noritake Takahara,63,Surtees,1
274,Noritake Takahara,72,Kojima,1
275,Lella Lombardi,3,Williams,1
275,Lella Lombardi,34,Brabham,1
275,Lella Lombardi,37,March,12
275,Lella Lombardi,182,Brabham-Ford,3
276,Bob Evans,32,Team Lotus,2
276,Bob Evans,66,BRM,9
276,Bob Evans,182,Brabham-Ford,1
277,Michel Leclère,25,Tyrrell,1
277,Michel Leclère,59,Wolf,7
278,Chris Amon,6,Ferrari,27
278,Chris Amon,25,Tyrrell,2
278,Chris Amon,26,Lola,7
278,Chris Amon,37,March,13
278,Chris Amon,57,Ensign,10
278,Chris Amon,59,Wolf,1
278,Chris Amon,66,BRM,2
278,Chris Amon,78,Amon,4
278,Chris Amon,81,Tecno,4
278,Chris Amon,82,Matra,22
278,Chris Amon,167,Cooper-Maserati,1
278,Chris Amon,172,Lotus-Climax,1
278,Chris Amon,176,Lotus-BRM,11
278,Chris Amon,181,Brabham-BRM,1
279,,3,Williams,1
280,Henri Pescarolo,37,March,10
280,Henri Pescarolo,63,Surtees,9
280,Henri Pescarolo,66,BRM,12
280,Henri Pescarolo,80,Iso Marlboro,2
280,Henri Pescarolo,82,Matra,15
280,Henri Pescarolo,83,Politoys,1
280,Henri Pescarolo,200,March-Ford,10
281,Jac Nelleman,182,Brabham-Ford,1
282,Damien Magee,3,Williams,1
282,Damien Magee,182,Brabham-Ford,1
283,Mike Wilds,37,March,1
283,Mike Wilds,57,Ensign,4
283,Mike Wilds,58,Shadow,1
283,Mike Wilds,66,BRM,2
284,Alessandro Pesenti-Rossi,25,Tyrrell,4
285,Otto Stuppacher,25,Tyrrell,3
286,Warwick Brown,59,Wolf,1
287,,72,Kojima,1
288,Mark Donohue,1,McLaren,1
288,Mark Donohue,37,March,3
288,Mark Donohue,67,Penske,11
289,Graham Hill,26,Lola,18
289,Graham Hill,32,Team Lotus,28
289,Graham Hill,34,Brabham,23
289,Graham Hill,58,Shadow,12
289,Graham Hill,66,BRM,64
289,Graham Hill,75,Embassy Hill,1
289,Graham Hill,176,Lotus-BRM,2
289,Graham Hill,180,Lotus-Ford,31
290,Wilson Fittipaldi,34,Brabham,25
290,Wilson Fittipaldi,56,Fittipaldi,13
291,Guy Tunmer,32,Team Lotus,1
292,Eddie Keizan,25,Tyrrell,2
292,Eddie Keizan,32,Team Lotus,1
293,Dave Charlton,1,McLaren,2
293,Dave Charlton,32,Team Lotus,6
293,Dave Charlton,34,Brabham,1
293,Dave Charlton,180,Lotus-Ford,2
293,Dave Charlton,183,Brabham-Climax,1
293,Dave Charlton,191,Brabham-Repco,1
294,Tony Brise,3,Williams,1
294,Tony Brise,75,Embassy Hill,9
295,Roelof Wunderink,57,Ensign,6
296,François Migault,3,Williams,1
296,François Migault,26,Lola,1
296,François Migault,66,BRM,11
296,François Migault,75,Embassy Hill,1
296,François Migault,84,Connew,1
297,Torsten Palm,64,Hesketh,2
298,Gijs van Lennep,57,Ensign,3
298,Gijs van Lennep,63,Surtees,1
298,Gijs van Lennep,80,Iso Marlboro,5
299,,74,Maki,2
300,,76,Lyncar,2
301,Dave Morgan,63,Surtees,1
302,Jim Crawford,32,Team Lotus,2
303,Jo Vonlanthen,3,Williams,1
304,Denny Hulme,1,McLaren,53
304,Denny Hulme,183,Brabham-Climax,8
304,Denny Hulme,187,McLaren-Ford,32
304,Denny Hulme,191,Brabham-Repco,18
304,Denny Hulme,194,McLaren-BRM,1
305,Mike Hailwood,1,McLaren,11
305,Mike Hailwood,26,Lola,2
305,Mike Hailwood,63,Surtees,27
305,Mike Hailwood,172,Lotus-Climax,1
305,Mike Hailwood,176,Lotus-BRM,10
306,Jean-Pierre Beltoise,66,BRM,41
306,Jean-Pierre Beltoise,82,Matra,31
306,Jean-Pierre Beltoise,187,McLaren-Ford,3
306,Jean-Pierre Beltoise,196,Matra-Ford,12
307,Howden Ganley,37,March,2
307,Howden Ganley,66,BRM,21
307,Howden Ganley,74,Maki,2
307,Howden Ganley,80,Iso Marlboro,14
308,Richard Robarts,34,Brabham,3
308,Richard Robarts,80,Iso Marlboro,1
309,Peter Revson,1,McLaren,23
309,Peter Revson,25,Tyrrell,1
309,Peter Revson,58,Shadow,2
309,Peter Revson,172,Lotus-Climax,1
309,Peter Revson,176,Lotus-BRM,4
310,Paddy Driver,32,Team Lotus,1
310,Paddy Driver,176,Lotus-BRM,1
311,Tom Belsø,80,Iso Marlboro,4
312,Brian Redman,1,McLaren,3
312,Brian Redman,58,Shadow,4
312,Brian Redman,63,Surtees,1
312,Brian Redman,66,BRM,1
312,Brian Redman,86,De Tomaso,1
312,Brian Redman,167,Cooper-Maserati,1
312,Brian Redman,195,Cooper-BRM,2
313,Rikky von Opel,34,Brabham,6
313,Rikky von Opel,57,Ensign,7
314,Tim Schenken,32,Team Lotus,1
314,Tim Schenken,34,Brabham,10
314,Tim Schenken,63,Surtees,12
314,Tim Schenken,77,Trojan,8
314,Tim Schenken,80,Iso Marlboro,1
314,Tim Schenken,86,De Tomaso,4
315,Gérard Larrousse,34,Brabham,2
316,Leo Kinnunen,63,Surtees,6
317,Reine Wisell,32,Team Lotus,4
317,Reine Wisell,37,March,3
317,Reine Wisell,66,BRM,6
317,Reine Wisell,180,Lotus-Ford,9
317,Reine Wisell,201,Lotus-Pratt &amp; Whitney,1
318,Bertil Roos,58,Shadow,1
319,José Dolhem,63,Surtees,3
320,Peter Gethin,1,McLaren,7
320,Peter Gethin,26,Lola,1
320,Peter Gethin,66,BRM,15
320,Peter Gethin,187,McLaren-Ford,7
321,Derek Bell,6,Ferrari,2
321,Derek Bell,34,Brabham,1
321,Derek Bell,63,Surtees,7
321,Derek Bell,81,Tecno,3
321,Derek Bell,187,McLaren-Ford,1
322,David Hobbs,1,McLaren,3
322,David Hobbs,11,Honda,1
322,David Hobbs,26,Lola,1
322,David Hobbs,66,BRM,2
323,Dieter Quester,63,Surtees,1
324,Helmuth Koinigg,34,Brabham,1
324,Helmuth Koinigg,63,Surtees,2
325,Carlo Facetti,34,Brabham,1
326,Eppie Wietzes,34,Brabham,1
326,Eppie Wietzes,180,Lotus-Ford,1
327,François Cevert,25,Tyrrell,38
327,François Cevert,37,March,9
328,Jackie Stewart,25,Tyrrell,40
328,Jackie Stewart,37,March,10
328,Jackie Stewart,66,BRM,29
328,Jackie Stewart,196,Matra-Ford,21
329,Mike Beuttler,37,March,24
329,Mike Beuttler,200,March-Ford,5
330,Nanni Galli,6,Ferrari,1
330,Nanni Galli,80,Iso Marlboro,5
330,Nanni Galli,81,Tecno,4
330,Nanni Galli,198,McLaren-Alfa Romeo,1
330,Nanni Galli,199,March-Alfa Romeo,2
330,Nanni Galli,200,March-Ford,4
331,Luiz Bueno,63,Surtees,1
332,George Follmer,58,Shadow,12
333,Andrea de Adamich,6,Ferrari,1
333,Andrea de Adamich,34,Brabham,5
333,Andrea de Adamich,63,Surtees,13
333,Andrea de Adamich,198,McLaren-Alfa Romeo,10
333,Andrea de Adamich,199,March-Alfa Romeo,7
334,Jackie Pretorius,34,Brabham,1
334,Jackie Pretorius,80,Iso Marlboro,1
334,Jackie Pretorius,183,Brabham-Climax,1
334,Jackie Pretorius,185,LDS-Alfa Romeo,1
335,Roger Williamson,37,March,2
336,Graham McRae,80,Iso Marlboro,1
337,Helmut Marko,66,BRM,9
338,David Walker,32,Team Lotus,10
338,David Walker,201,Lotus-Pratt &amp; Whitney,1
339,Alex Soler-Roig,32,Team Lotus,2
339,Alex Soler-Roig,66,BRM,2
339,Alex Soler-Roig,200,March-Ford,5
340,John Love,32,Team Lotus,1
340,John Love,63,Surtees,1
340,John Love,170,Cooper-Climax,5
340,John Love,180,Lotus-Ford,1
340,John Love,191,Brabham-Repco,1
340,John Love,200,March-Ford,1
341,John Surtees,6,Ferrari,30
341,John Surtees,11,Honda,21
341,John Surtees,26,Lola,9
341,John Surtees,32,Team Lotus,4
341,John Surtees,63,Surtees,19
341,John Surtees,66,BRM,10
341,John Surtees,167,Cooper-Maserati,7
341,John Surtees,170,Cooper-Climax,8
341,John Surtees,187,McLaren-Ford,4
342,Skip Barber,37,March,2
342,Skip Barber,200,March-Ford,4
343,Bill Brack,66,BRM,2
343,Bill Brack,180,Lotus-Ford,1
344,Sam Posey,63,Surtees,2
345,Pedro Rodríguez,6,Ferrari,8
345,Pedro Rodríguez,66,BRM,33
345,Pedro Rodríguez,167,Cooper-Maserati,8
345,Pedro Rodríguez,172,Lotus-Climax,3
345,Pedro Rodríguez,176,Lotus-BRM,2
346,Jo Siffert,37,March,13
346,Jo Siffert,66,BRM,11
346,Jo Siffert,167,Cooper-Maserati,18
346,Jo Siffert,172,Lotus-Climax,3
346,Jo Siffert,176,Lotus-BRM,13
346,Jo Siffert,180,Lotus-Ford,22
346,Jo Siffert,181,Brabham-BRM,19
346,Jo Siffert,183,Brabham-Climax,1
347,Jo Bonnier,1,McLaren,5
347,Jo Bonnier,11,Honda,1
347,Jo Bonnier,66,BRM,17
347,Jo Bonnier,95,Porsche,16
347,Jo Bonnier,105,Maserati,12
347,Jo Bonnier,167,Cooper-Maserati,16
347,Jo Bonnier,170,Cooper-Climax,11
347,Jo Bonnier,180,Lotus-Ford,2
347,Jo Bonnier,181,Brabham-BRM,3
347,Jo Bonnier,183,Brabham-Climax,17
347,Jo Bonnier,187,McLaren-Ford,2
347,Jo Bonnier,194,McLaren-BRM,7
348,François Mazet,200,March-Ford,1
349,Max Jean,200,March-Ford,1
350,Vic Elford,66,BRM,1
350,Vic Elford,167,Cooper-Maserati,1
350,Vic Elford,187,McLaren-Ford,4
350,Vic Elford,195,Cooper-BRM,7
351,Silvio Moser,85,Bellasi,6
351,Silvio Moser,182,Brabham-Ford,7
351,Silvio Moser,191,Brabham-Repco,4
351,Silvio Moser,193,Cooper-ATS,1
352,George Eaton,66,BRM,13
353,Pete Lovely,32,Team Lotus,5
353,Pete Lovely,171,Cooper-Castellotti,1
353,Pete Lovely,180,Lotus-Ford,5
354,Chris Craft,34,Brabham,2
355,John Cannon,66,BRM,1
356,Jack Brabham,34,Brabham,25
356,Jack Brabham,87,Cooper,16
356,Jack Brabham,105,Maserati,1
356,Jack Brabham,170,Cooper-Climax,24
356,Jack Brabham,172,Lotus-Climax,6
356,Jack Brabham,182,Brabham-Ford,8
356,Jack Brabham,183,Brabham-Climax,17
356,Jack Brabham,191,Brabham-Repco,32
357,John Miles,32,Team Lotus,10
357,John Miles,180,Lotus-Ford,5
358,Jochen Rindt,32,Team Lotus,10
358,Jochen Rindt,167,Cooper-Maserati,19
358,Jochen Rindt,170,Cooper-Climax,10
358,Jochen Rindt,180,Lotus-Ford,10
358,Jochen Rindt,181,Brabham-BRM,1
358,Jochen Rindt,191,Brabham-Repco,12
359,Johnny Servoz-Gavin,37,March,3
359,Johnny Servoz-Gavin,82,Matra,1
359,Johnny Servoz-Gavin,195,Cooper-BRM,1
359,Johnny Servoz-Gavin,196,Matra-Ford,7
360,Bruce McLaren,1,McLaren,1
360,Bruce McLaren,87,Cooper,2
360,Bruce McLaren,170,Cooper-Climax,62
360,Bruce McLaren,187,McLaren-Ford,27
360,Bruce McLaren,188,McLaren-Serenissima,2
360,Bruce McLaren,190,Eagle-Weslake,3
360,Bruce McLaren,194,McLaren-BRM,6
361,Piers Courage,66,BRM,13
361,Piers Courage,86,De Tomaso,5
361,Piers Courage,176,Lotus-BRM,1
361,Piers Courage,182,Brabham-Ford,10
362,Peter de Klerk,34,Brabham,1
362,Peter de Klerk,51,Alfa Romeo,2
362,Peter de Klerk,191,Brabham-Repco,1
363,Ignazio Giunti,6,Ferrari,4
364,Dan Gurney,6,Ferrari,4
364,Dan Gurney,34,Brabham,10
364,Dan Gurney,66,BRM,7
364,Dan Gurney,95,Porsche,15
364,Dan Gurney,176,Lotus-BRM,1
364,Dan Gurney,183,Brabham-Climax,19
364,Dan Gurney,187,McLaren-Ford,6
364,Dan Gurney,189,Eagle-Climax,8
364,Dan Gurney,190,Eagle-Weslake,16
364,Dan Gurney,191,Brabham-Repco,1
365,Hubert Hahne,26,Lola,2
365,Hubert Hahne,37,March,1
366,Gus Hutchison,34,Brabham,1
367,Peter Westbury,66,BRM,1
368,Sam Tingle,89,LDS,2
368,Sam Tingle,172,Lotus-Climax,1
368,Sam Tingle,184,LDS-Climax,1
368,Sam Tingle,185,LDS-Alfa Romeo,1
368,Sam Tingle,191,Brabham-Repco,1
369,Basil van Rooyen,170,Cooper-Climax,1
369,Basil van Rooyen,187,McLaren-Ford,1
370,Richard Attwood,66,BRM,7
370,Richard Attwood,167,Cooper-Maserati,1
370,Richard Attwood,176,Lotus-BRM,8
370,Richard Attwood,180,Lotus-Ford,1
371,,189,Eagle-Climax,2
372,,183,Brabham-Climax,1
373,Jim Clark,32,Team Lotus,6
373,Jim Clark,172,Lotus-Climax,53
373,Jim Clark,176,Lotus-BRM,4
373,Jim Clark,180,Lotus-Ford,10
374,Mike Spence,66,BRM,12
374,Mike Spence,172,Lotus-Climax,16
374,Mike Spence,176,Lotus-BRM,8
375,Ludovico Scarfiotti,6,Ferrari,9
375,Ludovico Scarfiotti,190,Eagle-Weslake,1
375,Ludovico Scarfiotti,195,Cooper-BRM,3
376,Lucien Bianchi,26,Lola,1
376,Lucien Bianchi,66,BRM,1
376,Lucien Bianchi,99,Emeryson,1
376,Lucien Bianchi,100,ENB,1
376,Lucien Bianchi,170,Cooper-Climax,4
376,Lucien Bianchi,172,Lotus-Climax,4
376,Lucien Bianchi,195,Cooper-BRM,7
377,Jo Schlesser,11,Honda,1
377,Jo Schlesser,82,Matra,1
378,Robin Widdows,195,Cooper-BRM,1
379,Kurt Ahrens,90,Protos,1
379,Kurt Ahrens,191,Brabham-Repco,1
380,Frank Gardner,66,BRM,1
380,Frank Gardner,181,Brabham-BRM,7
380,Frank Gardner,182,Brabham-Ford,1
381,Bobby Unser,66,BRM,1
382,Moisés Solana,66,BRM,1
382,Moisés Solana,167,Cooper-Maserati,1
382,Moisés Solana,172,Lotus-Climax,3
382,Moisés Solana,176,Lotus-BRM,1
382,Moisés Solana,180,Lotus-Ford,2
383,Bob Anderson,26,Lola,2
383,Bob Anderson,183,Brabham-Climax,24
384,Luki Botha,183,Brabham-Climax,1
385,Lorenzo Bandini,6,Ferrari,35
385,Lorenzo Bandini,66,BRM,5
385,Lorenzo Bandini,167,Cooper-Maserati,4
386,Richie Ginther,6,Ferrari,10
386,Richie Ginther,11,Honda,11
386,Richie Ginther,66,BRM,29
386,Richie Ginther,106,Scarab,1
386,Richie Ginther,167,Cooper-Maserati,2
386,Richie Ginther,189,Eagle-Climax,1
387,Mike Parkes,6,Ferrari,6
387,Mike Parkes,123,Fry,1
388,Chris Irwin,66,BRM,8
388,Chris Irwin,176,Lotus-BRM,1
388,Chris Irwin,183,Brabham-Climax,1
389,Guy Ligier,167,Cooper-Maserati,8
389,Guy Ligier,191,Brabham-Repco,5
390,Alan Rees,167,Cooper-Maserati,1
390,Alan Rees,182,Brabham-Ford,1
391,Brian Hart,90,Protos,1
392,Mike Fisher,176,Lotus-BRM,2
393,,170,Cooper-Climax,1
394,Giancarlo Baghetti,6,Ferrari,8
394,Giancarlo Baghetti,54,ATS,9
394,Giancarlo Baghetti,66,BRM,7
394,Giancarlo Baghetti,180,Lotus-Ford,1
394,Giancarlo Baghetti,183,Brabham-Climax,1
395,Jonathan Williams,6,Ferrari,1
396,Bob Bondurant,6,Ferrari,1
396,Bob Bondurant,66,BRM,5
396,Bob Bondurant,176,Lotus-BRM,1
396,Bob Bondurant,189,Eagle-Climax,1
396,Bob Bondurant,190,Eagle-Weslake,1
397,Peter Arundell,32,Team Lotus,1
397,Peter Arundell,172,Lotus-Climax,7
397,Peter Arundell,176,Lotus-BRM,7
398,Vic Wilson,66,BRM,1
398,Vic Wilson,170,Cooper-Climax,1
399,John Taylor,170,Cooper-Climax,1
399,John Taylor,181,Brabham-BRM,4
400,,192,Cooper-Ferrari,2
401,Trevor Taylor,91,Shannon,1
401,Trevor Taylor,94,BRP,7
401,Trevor Taylor,170,Cooper-Climax,1
401,Trevor Taylor,172,Lotus-Climax,19
401,Trevor Taylor,176,Lotus-BRM,1
402,Giacomo Russo,172,Lotus-Climax,2
402,Giacomo Russo,181,Brabham-BRM,1
403,Phil Hill,6,Ferrari,31
403,Phil Hill,54,ATS,8
403,Phil Hill,105,Maserati,1
403,Phil Hill,170,Cooper-Climax,10
403,Phil Hill,176,Lotus-BRM,1
403,Phil Hill,189,Eagle-Climax,1
404,Innes Ireland,32,Team Lotus,14
404,Innes Ireland,66,BRM,2
404,Innes Ireland,94,BRP,12
404,Innes Ireland,172,Lotus-Climax,15
404,Innes Ireland,176,Lotus-BRM,12
405,Ronnie Bucknum,11,Honda,11
406,Paul Hawkins,172,Lotus-Climax,2
406,Paul Hawkins,182,Brabham-Ford,1
407,David Prophet,34,Brabham,1
407,David Prophet,182,Brabham-Ford,1
408,Tony Maggs,66,BRM,5
408,Tony Maggs,170,Cooper-Climax,19
408,Tony Maggs,172,Lotus-Climax,2
408,Tony Maggs,176,Lotus-BRM,1
409,,167,Cooper-Maserati,1
409,,186,Cooper-Ford,1
410,Neville Lederle,172,Lotus-Climax,3
411,Doug Serrurier,89,LDS,2
411,Doug Serrurier,184,LDS-Climax,1
412,Brausch Niemann,180,Lotus-Ford,2
413,Ernie Pieterse,172,Lotus-Climax,3
414,Clive Puzey,172,Lotus-Climax,1
415,,93,RE,1
416,,167,Cooper-Maserati,1
417,Alex Blignaut,170,Cooper-Climax,1
418,Masten Gregory,26,Lola,2
418,Masten Gregory,66,BRM,4
418,Masten Gregory,104,Behra-Porsche,1
418,Masten Gregory,105,Maserati,8
418,Masten Gregory,167,Cooper-Maserati,5
418,Masten Gregory,170,Cooper-Climax,12
418,Masten Gregory,172,Lotus-Climax,5
418,Masten Gregory,176,Lotus-BRM,9
419,John Rhodes,170,Cooper-Climax,1
420,Ian Raby,97,Gilby,3
420,Ian Raby,181,Brabham-BRM,3
420,Ian Raby,183,Brabham-Climax,1
421,,186,Cooper-Ford,1
422,Brian Gubby,172,Lotus-Climax,1
423,Gerhard Mitter,95,Porsche,3
423,Gerhard Mitter,172,Lotus-Climax,2
424,Roberto Bussinello,66,BRM,2
424,Roberto Bussinello,175,De Tomaso-Alfa Romeo,2
425,Nino Vaccarella,6,Ferrari,1
425,Nino Vaccarella,95,Porsche,1
425,Nino Vaccarella,172,Lotus-Climax,2
425,Nino Vaccarella,175,De Tomaso-Alfa Romeo,1
426,Giorgio Bassi,66,BRM,1
427,Maurice Trintignant,6,Ferrari,19
427,Maurice Trintignant,26,Lola,1
427,Maurice Trintignant,66,BRM,7
427,Maurice Trintignant,87,Cooper,7
427,Maurice Trintignant,105,Maserati,1
427,Maurice Trintignant,117,Aston Martin,1
427,Maurice Trintignant,118,Vanwall,4
427,Maurice Trintignant,128,Gordini,12
427,Maurice Trintignant,130,Bugatti,1
427,Maurice Trintignant,141,Simca,7
427,Maurice Trintignant,167,Cooper-Maserati,9
427,Maurice Trintignant,170,Cooper-Climax,9
427,Maurice Trintignant,172,Lotus-Climax,9
428,Bernard Collomb,170,Cooper-Climax,3
428,Bernard Collomb,172,Lotus-Climax,2
428,Bernard Collomb,176,Lotus-BRM,1
429,André Pilette,6,Ferrari,1
429,André Pilette,92,Scirocco,3
429,André Pilette,99,Emeryson,1
429,André Pilette,125,Connaught,1
429,André Pilette,128,Gordini,6
429,André Pilette,154,Talbot-Lago,1
429,André Pilette,172,Lotus-Climax,2
430,Carel Godin de Beaufort,95,Porsche,29
430,Carel Godin de Beaufort,105,Maserati,1
430,Carel Godin de Beaufort,170,Cooper-Climax,1
431,Edgar Barth,95,Porsche,5
431,Edgar Barth,146,EMW,1
431,Edgar Barth,170,Cooper-Climax,1
432,Mário de Araújo Cabral,96,Derrington,1
432,Mário de Araújo Cabral,167,Cooper-Maserati,2
432,Mário de Araújo Cabral,170,Cooper-Climax,2
433,Walt Hansgen,32,Team Lotus,1
433,Walt Hansgen,170,Cooper-Climax,1
433,Walt Hansgen,172,Lotus-Climax,2
434,Hap Sharp,170,Cooper-Climax,2
434,Hap Sharp,176,Lotus-BRM,2
434,Hap Sharp,181,Brabham-BRM,2
435,Willy Mairesse,6,Ferrari,10
435,Willy Mairesse,172,Lotus-Climax,2
436,John Campbell-Jones,26,Lola,1
436,John Campbell-Jones,99,Emeryson,1
436,John Campbell-Jones,170,Cooper-Climax,1
436,John Campbell-Jones,172,Lotus-Climax,1
436,John Campbell-Jones,176,Lotus-BRM,1
437,Ian Burgess,87,Cooper,2
437,Ian Burgess,92,Scirocco,7
437,Ian Burgess,167,Cooper-Maserati,8
437,Ian Burgess,170,Cooper-Climax,5
437,Ian Burgess,172,Lotus-Climax,4
438,Tony Settember,92,Scirocco,7
438,Tony Settember,99,Emeryson,3
439,Nasif Estéfano,86,De Tomaso,4
439,Nasif Estéfano,105,Maserati,1
440,Jim Hall,32,Team Lotus,1
440,Jim Hall,172,Lotus-Climax,2
440,Jim Hall,176,Lotus-BRM,9
441,Tim Parnell,170,Cooper-Climax,1
441,Tim Parnell,172,Lotus-Climax,3
442,,177,Lotus-Borgward,2
443,,167,Cooper-Maserati,1
444,,174,De Tomaso-Osca,2
444,,179,De Tomaso-Ferrari,1
445,Günther Seiffert,176,Lotus-BRM,2
446,Carlo Abate,95,Porsche,1
446,Carlo Abate,172,Lotus-Climax,1
447,,173,Lotus-Maserati,2
448,Peter Broeker,98,Stebro,1
449,Rodger Ward,107,Watson,2
449,Rodger Ward,110,Lesovsky,2
449,Rodger Ward,113,Kurtis Kraft,4
449,Rodger Ward,114,Kuzma,1
449,Rodger Ward,135,Pawl,1
449,Rodger Ward,139,Bromme,1
449,Rodger Ward,176,Lotus-BRM,1
450,Ernie de Vos,98,Stebro,1
451,Frank Dochnal,170,Cooper-Climax,1
452,Thomas Monarch,172,Lotus-Climax,1
453,Jackie Lewis,66,BRM,2
453,Jackie Lewis,87,Cooper,1
453,Jackie Lewis,170,Cooper-Climax,8
454,Ricardo Rodríguez,6,Ferrari,6
455,Wolfgang Seidel,87,Cooper,2
455,Wolfgang Seidel,99,Emeryson,1
455,Wolfgang Seidel,105,Maserati,1
455,Wolfgang Seidel,144,Veritas,1
455,Wolfgang Seidel,170,Cooper-Climax,1
455,Wolfgang Seidel,172,Lotus-Climax,5
455,Wolfgang Seidel,176,Lotus-BRM,2
456,Roy Salvadori,6,Ferrari,1
456,Roy Salvadori,26,Lola,9
456,Roy Salvadori,66,BRM,1
456,Roy Salvadori,87,Cooper,12
456,Roy Salvadori,105,Maserati,6
456,Roy Salvadori,117,Aston Martin,6
456,Roy Salvadori,118,Vanwall,1
456,Roy Salvadori,125,Connaught,5
456,Roy Salvadori,167,Cooper-Maserati,3
456,Roy Salvadori,170,Cooper-Climax,7
457,Ben Pon,95,Porsche,1
458,Rob Slotemaker,95,Porsche,1
459,Tony Marsh,66,BRM,4
459,Tony Marsh,87,Cooper,2
459,Tony Marsh,172,Lotus-Climax,3
460,Gerry Ashmore,66,BRM,1
460,Gerry Ashmore,172,Lotus-Climax,4
461,Heinz Schiller,95,Porsche,1
461,Heinz Schiller,176,Lotus-BRM,1
462,Colin Davis,95,Porsche,1
462,Colin Davis,167,Cooper-Maserati,2
463,Jay Chamberlain,172,Lotus-Climax,3
464,Tony Shelly,172,Lotus-Climax,2
464,Tony Shelly,176,Lotus-BRM,1
465,Keith Greene,97,Gilby,4
465,Keith Greene,167,Cooper-Maserati,1
465,Keith Greene,170,Cooper-Climax,1
465,Keith Greene,172,Lotus-Climax,1
466,Heini Walter,95,Porsche,1
467,Ernesto Prinoth,172,Lotus-Climax,2
468,Roger Penske,170,Cooper-Climax,1
468,Roger Penske,172,Lotus-Climax,1
469,Rob Schroeder,172,Lotus-Climax,1
470,Timmy Mayer,170,Cooper-Climax,1
471,Bruce Johnstone,66,BRM,1
472,,178,Cooper-Alfa Romeo,1
473,Gary Hocking,172,Lotus-Climax,1
474,Syd van der Vyver,172,Lotus-Climax,1
475,Stirling Moss,32,Team Lotus,5
475,Stirling Moss,66,BRM,2
475,Stirling Moss,87,Cooper,4
475,Stirling Moss,102,Ferguson,1
475,Stirling Moss,105,Maserati,16
475,Stirling Moss,118,Vanwall,15
475,Stirling Moss,125,Connaught,2
475,Stirling Moss,131,Mercedes,7
475,Stirling Moss,133,HWM,2
475,Stirling Moss,151,ERA,3
475,Stirling Moss,170,Cooper-Climax,8
475,Stirling Moss,172,Lotus-Climax,8
476,Wolfgang von Trips,6,Ferrari,26
476,Wolfgang von Trips,95,Porsche,1
476,Wolfgang von Trips,167,Cooper-Maserati,1
477,Cliff Allison,6,Ferrari,7
477,Cliff Allison,32,Team Lotus,8
477,Cliff Allison,105,Maserati,1
477,Cliff Allison,172,Lotus-Climax,2
478,Hans Herrmann,66,BRM,1
478,Hans Herrmann,95,Porsche,5
478,Hans Herrmann,105,Maserati,5
478,Hans Herrmann,131,Mercedes,7
478,Hans Herrmann,144,Veritas,1
478,Hans Herrmann,167,Cooper-Maserati,1
479,Tony Brooks,6,Ferrari,7
479,Tony Brooks,66,BRM,10
479,Tony Brooks,118,Vanwall,18
479,Tony Brooks,170,Cooper-Climax,6
480,Michael May,172,Lotus-Climax,4
481,Henry Taylor,170,Cooper-Climax,5
481,Henry Taylor,172,Lotus-Climax,5
482,Olivier Gendebien,6,Ferrari,8
482,Olivier Gendebien,99,Emeryson,3
482,Olivier Gendebien,170,Cooper-Climax,5
482,Olivier Gendebien,172,Lotus-Climax,1
483,Giorgio Scarlatti,6,Ferrari,2
483,Giorgio Scarlatti,105,Maserati,9
483,Giorgio Scarlatti,167,Cooper-Maserati,1
483,Giorgio Scarlatti,170,Cooper-Climax,1
483,Giorgio Scarlatti,171,Cooper-Castellotti,1
483,Giorgio Scarlatti,174,De Tomaso-Osca,1
484,Brian Naylor,87,Cooper,2
484,Brian Naylor,101,JBW,6
484,Brian Naylor,167,Cooper-Maserati,1
485,Juan Manuel Bordeu,172,Lotus-Climax,1
486,Jack Fairman,66,BRM,1
486,Jack Fairman,87,Cooper,1
486,Jack Fairman,102,Ferguson,1
486,Jack Fairman,125,Connaught,5
486,Jack Fairman,133,HWM,1
486,Jack Fairman,167,Cooper-Maserati,1
486,Jack Fairman,170,Cooper-Climax,3
487,Massimo Natili,167,Cooper-Maserati,2
488,,103,MBM,1
489,Renato Pirocchi,167,Cooper-Maserati,1
489,Renato Pirocchi,170,Cooper-Climax,1
490,Geoff Duke,170,Cooper-Climax,1
491,Alfonso Thiele,167,Cooper-Maserati,1
491,Alfonso Thiele,170,Cooper-Climax,1
492,Menato Boffa,170,Cooper-Climax,1
493,Peter Ryan,172,Lotus-Climax,1
494,Lloyd Ruby,107,Watson,1
494,Lloyd Ruby,172,Lotus-Climax,1
495,Ken Miles,172,Lotus-Climax,1
496,Carlos Menditeguy,105,Maserati,10
496,Carlos Menditeguy,128,Gordini,1
496,Carlos Menditeguy,167,Cooper-Maserati,1
497,Alberto Rodriguez Larreta,32,Team Lotus,1
498,José Froilán González,6,Ferrari,17
498,José Froilán González,105,Maserati,10
498,José Froilán González,118,Vanwall,1
498,José Froilán González,154,Talbot-Lago,1
499,Roberto Bonomi,167,Cooper-Maserati,1
500,Gino Munaron,105,Maserati,1
500,Gino Munaron,171,Cooper-Castellotti,3
501,Harry Schell,6,Ferrari,2
501,Harry Schell,66,BRM,16
501,Harry Schell,87,Cooper,1
501,Harry Schell,105,Maserati,26
501,Harry Schell,118,Vanwall,9
501,Harry Schell,128,Gordini,7
501,Harry Schell,154,Talbot-Lago,1
501,Harry Schell,170,Cooper-Climax,2
502,Alan Stacey,32,Team Lotus,7
503,Ettore Chimeri,105,Maserati,1
504,Antonio Creus,105,Maserati,1
505,Chris Bristow,169,Cooper-Borgward,1
505,Chris Bristow,170,Cooper-Climax,3
506,Bruce Halford,32,Team Lotus,1
506,Bruce Halford,105,Maserati,6
506,Bruce Halford,170,Cooper-Climax,2
507,Chuck Daigh,106,Scarab,5
507,Chuck Daigh,170,Cooper-Climax,1
508,Lance Reventlow,106,Scarab,3
508,Lance Reventlow,170,Cooper-Climax,1
509,Jim Rathmann,107,Watson,2
509,Jim Rathmann,108,Epperly,3
509,Jim Rathmann,113,Kurtis Kraft,6
509,Jim Rathmann,160,Wetteroth,1
510,Paul Goldsmith,108,Epperly,2
510,Paul Goldsmith,113,Kurtis Kraft,1
511,,109,Phillips,2
512,Johnny Thomson,110,Lesovsky,2
512,Johnny Thomson,113,Kurtis Kraft,2
512,Johnny Thomson,114,Kuzma,3
512,Johnny Thomson,138,Nichels,1
512,Johnny Thomson,143,Del Roy,1
513,Eddie Johnson,111,Trevis,3
513,Eddie Johnson,113,Kurtis Kraft,4
513,Eddie Johnson,114,Kuzma,1
513,Eddie Johnson,135,Pawl,1
514,Bob Veith,109,Phillips,1
514,Bob Veith,112,Meskowski,1
514,Bob Veith,113,Kurtis Kraft,2
514,Bob Veith,119,Moore,1
515,Bud Tingelstad,111,Trevis,1
516,Bob Christie,113,Kurtis Kraft,5
517,Red Amick,108,Epperly,1
517,Red Amick,113,Kurtis Kraft,1
518,Duane Carter,110,Lesovsky,2
518,Duane Carter,113,Kurtis Kraft,4
518,Duane Carter,114,Kuzma,2
518,Duane Carter,129,Stevens,1
518,Duane Carter,150,Deidt,1
519,Bill Homeier,113,Kurtis Kraft,2
519,Bill Homeier,114,Kuzma,1
520,Gene Hartley,110,Lesovsky,1
520,Gene Hartley,113,Kurtis Kraft,4
520,Gene Hartley,114,Kuzma,3
520,Gene Hartley,157,Langley,1
521,Chuck Stevenson,107,Watson,1
521,Chuck Stevenson,113,Kurtis Kraft,2
521,Chuck Stevenson,114,Kuzma,3
521,Chuck Stevenson,156,Marchese,1
522,Bobby Grim,112,Meskowski,1
522,Bobby Grim,113,Kurtis Kraft,1
523,Shorty Templeman,111,Trevis,1
523,Shorty Templeman,113,Kurtis Kraft,2
524,,115,Christensen,1
525,Jimmy Bryan,108,Epperly,3
525,Jimmy Bryan,113,Kurtis Kraft,1
525,Jimmy Bryan,114,Kuzma,4
525,Jimmy Bryan,134,Schroeder,1
526,Troy Ruttman,105,Maserati,2
526,Troy Ruttman,107,Watson,2
526,Troy Ruttman,110,Lesovsky,1
526,Troy Ruttman,113,Kurtis Kraft,3
526,Troy Ruttman,114,Kuzma,1
527,Eddie Sachs,114,Kuzma,3
527,Eddie Sachs,116,Ewing,1
528,Don Freeland,107,Watson,1
528,Don Freeland,109,Phillips,4
528,Don Freeland,113,Kurtis Kraft,3
529,Tony Bettenhausen,107,Watson,1
529,Tony Bettenhausen,108,Epperly,2
529,Tony Bettenhausen,113,Kurtis Kraft,6
529,Tony Bettenhausen,114,Kuzma,1
529,Tony Bettenhausen,150,Deidt,3
530,Wayne Weiler,108,Epperly,1
531,Anthony Foyt,113,Kurtis Kraft,1
531,Anthony Foyt,114,Kuzma,2
532,Eddie Russo,113,Kurtis Kraft,3
532,Eddie Russo,135,Pawl,1
533,Johnny Boyd,108,Epperly,2
533,Johnny Boyd,113,Kurtis Kraft,4
534,Gene Force,113,Kurtis Kraft,2
535,Jim McWithey,108,Epperly,1
535,Jim McWithey,113,Kurtis Kraft,1
536,Len Sutton,107,Watson,1
536,Len Sutton,110,Lesovsky,1
536,Len Sutton,113,Kurtis Kraft,1
537,Dick Rathmann,107,Watson,4
537,Dick Rathmann,113,Kurtis Kraft,1
538,Al Herman,113,Kurtis Kraft,2
538,Al Herman,116,Ewing,1
538,Al Herman,120,Dunn,2
539,Dempsey Wilson,113,Kurtis Kraft,1
539,Dempsey Wilson,114,Kuzma,1
540,Mike Taylor,32,Team Lotus,1
540,Mike Taylor,170,Cooper-Climax,1
541,Ron Flockhart,32,Team Lotus,1
541,Ron Flockhart,66,BRM,10
541,Ron Flockhart,87,Cooper,1
541,Ron Flockhart,105,Maserati,1
541,Ron Flockhart,125,Connaught,1
541,Ron Flockhart,170,Cooper-Climax,1
542,David Piper,32,Team Lotus,3
543,Giulio Cabianca,105,Maserati,2
543,Giulio Cabianca,127,OSCA,1
543,Giulio Cabianca,171,Cooper-Castellotti,1
544,Piero Drogo,170,Cooper-Climax,1
545,,104,Behra-Porsche,1
546,Arthur Owen,170,Cooper-Climax,1
547,Horace Gould,87,Cooper,1
547,Horace Gould,105,Maserati,17
548,,105,Maserati,1
549,Ivor Bueb,32,Team Lotus,1
549,Ivor Bueb,105,Maserati,1
549,Ivor Bueb,125,Connaught,2
549,Ivor Bueb,169,Cooper-Borgward,1
549,Ivor Bueb,170,Cooper-Climax,1
550,Alain de Changy,170,Cooper-Climax,1
551,Maria de Filippis,95,Porsche,1
551,Maria de Filippis,105,Maserati,4
552,Jean Lucienbonnet,170,Cooper-Climax,1
553,André Testut,105,Maserati,2
554,Jean Behra,6,Ferrari,3
554,Jean Behra,66,BRM,9
554,Jean Behra,105,Maserati,25
554,Jean Behra,128,Gordini,20
555,Paul Russo,113,Kurtis Kraft,8
555,Paul Russo,138,Nichels,1
556,Jimmy Daywalt,113,Kurtis Kraft,6
556,Jimmy Daywalt,138,Nichels,1
557,Chuck Arnold,113,Kurtis Kraft,1
558,Al Keller,113,Kurtis Kraft,4
558,Al Keller,114,Kuzma,1
559,Pat Flaherty,107,Watson,2
559,Pat Flaherty,113,Kurtis Kraft,3
559,Pat Flaherty,114,Kuzma,1
560,Bill Cheesbourg,113,Kurtis Kraft,2
560,Bill Cheesbourg,114,Kuzma,1
561,Ray Crawford,113,Kurtis Kraft,2
561,Ray Crawford,121,Elder,1
562,Jack Turner,110,Lesovsky,1
562,Jack Turner,113,Kurtis Kraft,2
562,Jack Turner,115,Christensen,1
563,Chuck Weyant,113,Kurtis Kraft,2
563,Chuck Weyant,114,Kuzma,1
563,Chuck Weyant,120,Dunn,1
564,Jud Larson,107,Watson,1
564,Jud Larson,113,Kurtis Kraft,1
565,Mike Magill,113,Kurtis Kraft,2
565,Mike Magill,122,Sutton,1
566,Carroll Shelby,105,Maserati,5
566,Carroll Shelby,117,Aston Martin,4
567,Fritz d'Orey,105,Maserati,2
567,Fritz d'Orey,124,Tec-Mec,1
568,Azdrubal Fontes,105,Maserati,1
569,Peter Ashdown,170,Cooper-Climax,1
570,Bill Moss,170,Cooper-Climax,1
571,Dennis Taylor,32,Team Lotus,1
572,,95,Porsche,1
573,Alessandro de Tomaso,6,Ferrari,1
573,Alessandro de Tomaso,168,Cooper-OSCA,1
574,,169,Cooper-Borgward,1
575,,125,Connaught,1
576,,105,Maserati,1
577,Luigi Musso,6,Ferrari,15
577,Luigi Musso,105,Maserati,11
578,Mike Hawthorn,6,Ferrari,37
578,Mike Hawthorn,66,BRM,2
578,Mike Hawthorn,87,Cooper,5
578,Mike Hawthorn,105,Maserati,1
578,Mike Hawthorn,118,Vanwall,3
579,Juan Fangio,6,Ferrari,10
579,Juan Fangio,51,Alfa Romeo,15
579,Juan Fangio,105,Maserati,21
579,Juan Fangio,131,Mercedes,12
580,Paco Godia,105,Maserati,14
581,Peter Collins,6,Ferrari,23
581,Peter Collins,105,Maserati,2
581,Peter Collins,118,Vanwall,3
581,Peter Collins,133,HWM,9
582,Ken Kavanagh,105,Maserati,1
583,Gerino Gerini,105,Maserati,7
584,Bruce Kessler,125,Connaught,1
585,Paul Emery,99,Emeryson,1
585,Paul Emery,125,Connaught,1
586,Luigi Piotti,105,Maserati,7
586,Luigi Piotti,127,OSCA,1
586,Luigi Piotti,137,Arzani-Volpini,1
587,Bernie Ecclestone,125,Connaught,1
588,Luigi Taramazzo,105,Maserati,1
589,Louis Chiron,105,Maserati,8
589,Louis Chiron,127,OSCA,2
589,Louis Chiron,132,Lancia,1
589,Louis Chiron,154,Talbot-Lago,6
590,Stuart Lewis-Evans,118,Vanwall,13
590,Stuart Lewis-Evans,125,Connaught,1
591,George Amick,108,Epperly,1
592,Jimmy Reece,107,Watson,1
592,Jimmy Reece,110,Lesovsky,1
592,Jimmy Reece,113,Kurtis Kraft,2
592,Jimmy Reece,136,Pankratz,2
593,Johnnie Parsons,113,Kurtis Kraft,10
594,Johnnie Tolan,113,Kurtis Kraft,2
594,Johnnie Tolan,114,Kuzma,1
595,Billy Garrett,113,Kurtis Kraft,1
595,Billy Garrett,114,Kuzma,1
596,Ed Elisian,107,Watson,1
596,Ed Elisian,113,Kurtis Kraft,3
596,Ed Elisian,129,Stevens,1
597,Pat O'Connor,113,Kurtis Kraft,5
598,Jerry Unser,113,Kurtis Kraft,1
599,Art Bisch,114,Kuzma,1
600,Christian Goethals,87,Cooper,1
601,Dick Gibson,87,Cooper,2
602,Robert La Caze,87,Cooper,1
603,André Guelfi,87,Cooper,1
604,François Picard,87,Cooper,1
605,Tom Bridger,87,Cooper,1
606,Alfonso de Portago,6,Ferrari,6
607,Cesare Perdisa,6,Ferrari,1
607,Cesare Perdisa,105,Maserati,8
608,Eugenio Castellotti,6,Ferrari,14
608,Eugenio Castellotti,132,Lancia,3
609,André Simon,6,Ferrari,2
609,André Simon,105,Maserati,4
609,André Simon,128,Gordini,1
609,André Simon,131,Mercedes,1
609,André Simon,141,Simca,4
610,Les Leston,66,BRM,1
610,Les Leston,87,Cooper,1
610,Les Leston,125,Connaught,1
611,Sam Hanks,108,Epperly,1
611,Sam Hanks,113,Kurtis Kraft,8
612,Andy Linden,113,Kurtis Kraft,7
612,Andy Linden,129,Stevens,1
612,Andy Linden,134,Schroeder,1
612,Andy Linden,138,Nichels,1
612,Andy Linden,149,Sherman,1
613,Marshall Teague,113,Kurtis Kraft,4
614,Don Edmunds,113,Kurtis Kraft,1
615,Fred Agabashian,113,Kurtis Kraft,8
616,Elmer George,113,Kurtis Kraft,1
617,Mike MacDowel,87,Cooper,1
618,Herbert MacKay-Fraser,66,BRM,1
619,Bob Gerard,87,Cooper,4
619,Bob Gerard,151,ERA,3
620,Umberto Maglioli,6,Ferrari,6
620,Umberto Maglioli,95,Porsche,1
620,Umberto Maglioli,105,Maserati,3
621,Paul England,87,Cooper,1
622,Chico Landi,6,Ferrari,1
622,Chico Landi,105,Maserati,5
623,Alberto Uria,105,Maserati,2
624,Hernando da Silva Ramos,105,Maserati,1
624,Hernando da Silva Ramos,128,Gordini,7
625,Élie Bayol,127,OSCA,3
625,Élie Bayol,128,Gordini,4
626,Robert Manzon,6,Ferrari,6
626,Robert Manzon,128,Gordini,16
626,Robert Manzon,141,Simca,7
627,Louis Rosier,6,Ferrari,15
627,Louis Rosier,105,Maserati,10
627,Louis Rosier,154,Talbot-Lago,14
628,Bob Sweikert,113,Kurtis Kraft,3
628,Bob Sweikert,114,Kuzma,2
629,Cliff Griffith,113,Kurtis Kraft,2
629,Cliff Griffith,129,Stevens,1
630,Duke Dinsmore,113,Kurtis Kraft,3
630,Duke Dinsmore,134,Schroeder,1
631,Keith Andrews,113,Kurtis Kraft,1
631,Keith Andrews,134,Schroeder,1
632,Paul Frère,6,Ferrari,3
632,Paul Frère,128,Gordini,3
632,Paul Frère,133,HWM,4
632,Paul Frère,141,Simca,1
633,Luigi Villoresi,6,Ferrari,22
633,Luigi Villoresi,105,Maserati,9
633,Luigi Villoresi,132,Lancia,4
634,,125,Connaught,1
635,Colin Chapman,118,Vanwall,1
636,Desmond Titterington,125,Connaught,1
637,Archie Scott Brown,125,Connaught,1
638,Ottorino Volonterio,105,Maserati,3
639,André Milhoux,128,Gordini,1
640,Toulo de Graffenried,51,Alfa Romeo,3
640,Toulo de Graffenried,105,Maserati,20
641,Piero Taruffi,6,Ferrari,14
641,Piero Taruffi,51,Alfa Romeo,1
641,Piero Taruffi,118,Vanwall,1
641,Piero Taruffi,131,Mercedes,2
642,Nino Farina,6,Ferrari,23
642,Nino Farina,51,Alfa Romeo,14
643,Roberto Mieres,105,Maserati,14
643,Roberto Mieres,128,Gordini,3
644,Sergio Mantovani,105,Maserati,9
645,Clemar Bucci,105,Maserati,1
645,Clemar Bucci,128,Gordini,4
646,Jesús Iglesias,128,Gordini,1
647,Alberto Ascari,6,Ferrari,30
647,Alberto Ascari,105,Maserati,3
647,Alberto Ascari,132,Lancia,3
648,Karl Kling,131,Mercedes,12
649,Pablo Birger,128,Gordini,1
649,Pablo Birger,141,Simca,1
650,Jacques Pollet,128,Gordini,5
651,Lance Macklin,105,Maserati,2
651,Lance Macklin,133,HWM,13
652,,133,HWM,1
653,Jimmy Davies,113,Kurtis Kraft,4
653,Jimmy Davies,116,Ewing,1
653,Jimmy Davies,135,Pawl,1
654,Walt Faulkner,113,Kurtis Kraft,3
654,Walt Faulkner,114,Kuzma,2
655,Cal Niday,113,Kurtis Kraft,2
655,Cal Niday,129,Stevens,1
656,Art Cross,113,Kurtis Kraft,4
657,Bill Vukovich,111,Trevis,1
657,Bill Vukovich,113,Kurtis Kraft,4
658,Jack McGrath,113,Kurtis Kraft,6
659,Jerry Hoyt,113,Kurtis Kraft,4
659,Jerry Hoyt,129,Stevens,1
660,Johnny Claes,6,Ferrari,1
660,Johnny Claes,105,Maserati,2
660,Johnny Claes,125,Connaught,4
660,Johnny Claes,128,Gordini,1
660,Johnny Claes,133,HWM,1
660,Johnny Claes,141,Simca,3
660,Johnny Claes,154,Talbot-Lago,13
661,Peter Walker,66,BRM,1
661,Peter Walker,105,Maserati,1
661,Peter Walker,125,Connaught,1
661,Peter Walker,151,ERA,1
662,Mike Sparken,128,Gordini,1
663,Ken Wharton,87,Cooper,6
663,Ken Wharton,105,Maserati,5
663,Ken Wharton,118,Vanwall,2
663,Ken Wharton,148,Frazer Nash,3
664,Kenneth McAlpine,125,Connaught,7
665,Leslie Marr,125,Connaught,2
666,Tony Rolt,125,Connaught,2
666,Tony Rolt,151,ERA,1
667,John Fitch,105,Maserati,1
667,John Fitch,133,HWM,1
668,Jean Lucas,128,Gordini,1
669,Prince Bira,105,Maserati,12
669,Prince Bira,125,Connaught,3
669,Prince Bira,128,Gordini,2
669,Prince Bira,141,Simca,2
670,Onofre Marimón,105,Maserati,12
671,Roger Loyer,128,Gordini,1
672,Jorge Daponte,105,Maserati,2
673,Mike Nazaruk,113,Kurtis Kraft,2
673,Mike Nazaruk,142,Turner,1
674,Larry Crockett,113,Kurtis Kraft,1
675,Manny Ayulo,110,Lesovsky,1
675,Manny Ayulo,113,Kurtis Kraft,1
675,Manny Ayulo,114,Kuzma,2
676,Frank Armi,113,Kurtis Kraft,1
677,Travis Webb,105,Maserati,1
677,Travis Webb,113,Kurtis Kraft,1
677,Travis Webb,139,Bromme,2
678,Len Duncan,134,Schroeder,1
679,Ernie McCoy,113,Kurtis Kraft,1
679,Ernie McCoy,129,Stevens,1
680,Jacques Swaters,6,Ferrari,5
680,Jacques Swaters,154,Talbot-Lago,2
681,Georges Berger,128,Gordini,1
681,Georges Berger,141,Simca,1
682,Don Beauman,125,Connaught,1
683,Leslie Thorne,125,Connaught,1
684,Bill Whitehouse,125,Connaught,1
685,John Riseley-Prichard,125,Connaught,1
686,Reg Parnell,6,Ferrari,2
686,Reg Parnell,51,Alfa Romeo,1
686,Reg Parnell,66,BRM,2
686,Reg Parnell,87,Cooper,1
686,Reg Parnell,105,Maserati,1
687,Peter Whitehead,6,Ferrari,9
687,Peter Whitehead,87,Cooper,2
687,Peter Whitehead,126,Alta,1
688,Eric Brandon,87,Cooper,5
689,Alan Brown,87,Cooper,9
690,Rodney Nuckey,87,Cooper,2
691,Hermann Lang,105,Maserati,1
691,Hermann Lang,131,Mercedes,1
692,Theo Helfrich,140,Klenk,1
692,Theo Helfrich,144,Veritas,2
693,Fred Wacker,128,Gordini,3
694,Giovanni de Riu,105,Maserati,1
695,Oscar Gálvez,105,Maserati,1
696,John Barber,87,Cooper,1
697,Felice Bonetto,51,Alfa Romeo,4
697,Felice Bonetto,105,Maserati,12
697,Felice Bonetto,163,Milano,1
698,Adolfo Cruz,87,Cooper,1
699,Duke Nalon,113,Kurtis Kraft,3
700,Carl Scarborough,113,Kurtis Kraft,2
701,Bill Holland,113,Kurtis Kraft,1
701,Bill Holland,150,Deidt,1
702,Bob Scott,113,Kurtis Kraft,2
702,Bob Scott,129,Stevens,1
702,Bob Scott,134,Schroeder,1
702,Bob Scott,139,Bromme,1
703,,144,Veritas,2
704,Yves Cabantous,133,HWM,3
704,Yves Cabantous,154,Talbot-Lago,10
705,Tony Crook,87,Cooper,1
705,Tony Crook,148,Frazer Nash,1
706,Jimmy Stewart,87,Cooper,1
707,Ian Stewart,125,Connaught,1
708,Duncan Hamilton,133,HWM,3
708,Duncan Hamilton,154,Talbot-Lago,2
709,Ernst Klodwig,145,BMW,2
710,Rudolf Krause,145,BMW,2
711,Oswald Karch,144,Veritas,1
712,Willi Heeks,144,Veritas,1
712,Willi Heeks,147,AFM,1
713,Theo Fitzau,147,AFM,1
714,Kurt Adolff,6,Ferrari,1
715,Günther Bechem,145,BMW,1
715,Günther Bechem,147,AFM,1
716,Erwin Bauer,144,Veritas,1
717,Hans von Stuck,6,Ferrari,1
717,Hans von Stuck,147,AFM,3
718,Ernst Loof,144,Veritas,1
719,Albert Scherrer,133,HWM,1
720,Max de Terra,6,Ferrari,1
720,Max de Terra,141,Simca,1
721,Peter Hirt,6,Ferrari,4
721,Peter Hirt,144,Veritas,1
722,Piero Carini,6,Ferrari,3
723,Rudi Fischer,6,Ferrari,7
724,Toni Ulmen,144,Veritas,2
725,George Abecassis,133,HWM,2
726,George Connor,110,Lesovsky,2
726,George Connor,113,Kurtis Kraft,1
727,,107,Watson,1
728,Joe James,107,Watson,1
728,Joe James,113,Kurtis Kraft,1
729,Bill Schindler,113,Kurtis Kraft,1
729,Bill Schindler,129,Stevens,1
729,Bill Schindler,162,Snowberger,1
730,George Fonder,113,Kurtis Kraft,1
730,George Fonder,134,Schroeder,1
730,George Fonder,149,Sherman,1
731,Henry Banks,105,Maserati,1
731,Henry Banks,110,Lesovsky,1
731,Henry Banks,119,Moore,1
732,Johnny McDowell,105,Maserati,1
732,Johnny McDowell,113,Kurtis Kraft,2
733,Chet Miller,113,Kurtis Kraft,2
734,Bobby Ball,129,Stevens,1
734,Bobby Ball,134,Schroeder,1
735,Charles de Tornaco,6,Ferrari,3
736,Roger Laurent,6,Ferrari,1
736,Roger Laurent,133,HWM,1
737,Robert O'Brien,141,Simca,1
738,Tony Gaze,133,HWM,4
739,,152,Aston Butterworth,1
740,Franco Comotti,6,Ferrari,1
740,Franco Comotti,105,Maserati,1
741,Philippe Étancelin,105,Maserati,1
741,Philippe Étancelin,154,Talbot-Lago,11
742,Dennis Poore,125,Connaught,2
743,Eric Thompson,125,Connaught,1
744,Ken Downing,125,Connaught,2
745,,126,Alta,1
746,Gino Bianco,105,Maserati,4
747,David Murray,87,Cooper,1
747,David Murray,105,Maserati,3
748,Eitel Cantoni,105,Maserati,3
749,,152,Aston Butterworth,3
750,Adolf Brudes,144,Veritas,1
751,Fritz Riess,144,Veritas,1
752,Helmut Niedermayr,147,AFM,1
753,Hans Klenk,144,Veritas,1
754,Marcel Balsa,145,BMW,1
755,Rudolf Schoeller,6,Ferrari,1
756,Paul Pietsch,51,Alfa Romeo,1
756,Paul Pietsch,105,Maserati,1
756,Paul Pietsch,144,Veritas,1
757,Josef Peters,144,Veritas,1
758,Dries van der Lof,133,HWM,1
759,Jan Flinterman,105,Maserati,2
760,,153,Cisitalia,1
761,Alberto Crespo,105,Maserati,1
762,Franco Rol,105,Maserati,4
762,Franco Rol,127,OSCA,1
763,Consalvo Sanesi,51,Alfa Romeo,5
764,Guy Mairesse,154,Talbot-Lago,3
765,Henri Louveau,154,Talbot-Lago,2
766,Lee Wallard,113,Kurtis Kraft,1
766,Lee Wallard,119,Moore,1
767,Carl Forberg,113,Kurtis Kraft,1
768,Mauri Rose,150,Deidt,2
769,,155,Hall,1
770,Cecil Green,113,Kurtis Kraft,2
771,Walt Brown,113,Kurtis Kraft,2
772,Mack Hellings,113,Kurtis Kraft,1
772,Mack Hellings,150,Deidt,1
773,Pierre Levegh,154,Talbot-Lago,6
774,Eugène Chaboud,154,Talbot-Lago,3
775,Aldo Gordini,141,Simca,1
776,Joe Kelly,126,Alta,2
777,Philip Fotheringham-Parker,105,Maserati,1
778,Brian Shawe Taylor,105,Maserati,1
778,Brian Shawe Taylor,151,ERA,1
779,John James,105,Maserati,1
780,Toni Branca,105,Maserati,3
781,Ken Richardson,66,BRM,1
782,Juan Jover,105,Maserati,1
783,Georges Grignard,154,Talbot-Lago,1
784,David Hampshire,105,Maserati,2
785,Geoff Crossley,126,Alta,2
786,Luigi Fagioli,51,Alfa Romeo,8
787,Cuth Harrison,151,ERA,3
788,Joe Fry,105,Maserati,1
789,Eugène Martin,154,Talbot-Lago,2
790,Leslie Johnson,151,ERA,1
791,Clemente Biondetti,6,Ferrari,1
792,Alfredo Pián,105,Maserati,1
793,Raymond Sommer,6,Ferrari,2
793,Raymond Sommer,154,Talbot-Lago,3
794,Joie Chitwood,113,Kurtis Kraft,1
795,,156,Marchese,1
796,,158,Rae,1
797,Jackie Holmes,113,Kurtis Kraft,1
797,Jackie Holmes,159,Olson,1
798,Bayliss Levrett,161,Adams,1
799,Jimmy Jackson,113,Kurtis Kraft,2
800,Nello Pagani,105,Maserati,1
801,Charles Pozzi,154,Talbot-Lago,1
802,Dorino Serafini,6,Ferrari,1
803,Bill Cantrell,161,Adams,1
804,Johnny Mantz,113,Kurtis Kraft,1
805,Danny Kladis,139,Bromme,1
806,Óscar González,105,Maserati,1
807,Nico Hülkenberg,3,Williams,19
807,Nico Hülkenberg,4,Renault,62
807,Nico Hülkenberg,10,Force India,79
807,Nico Hülkenberg,15,Sauber,19
807,Nico Hülkenberg,117,Aston Martin,2
807,Nico Hülkenberg,210,Haas F1 Team,46
807,Nico Hülkenberg,211,Racing Point,3
808,Vitaly Petrov,4,Renault,38
808,Vitaly Petrov,207,Caterham,20
810,Lucas di Grassi,166,Virgin,19
811,Bruno Senna,3,Williams,20
811,Bruno Senna,4,Renault,8
811,Bruno Senna,164,HRT,18
812,Karun Chandhok,164,HRT,10
812,Karun Chandhok,205,Lotus,1
813,Pastor Maldonado,3,Williams,58
813,Pastor Maldonado,208,Lotus F1,38
814,Paul di Resta,3,Williams,1
814,Paul di Resta,10,Force India,58
815,Sergio Pérez,1,McLaren,19
815,Sergio Pérez,9,Red Bull,90
815,Sergio Pérez,10,Force India,100
815,Sergio Pérez,15,Sauber,38
815,Sergio Pérez,211,Racing Point,36
816,Jérôme d'Ambrosio,166,Virgin,19
816,Jérôme d'Ambrosio,208,Lotus F1,1
817,Daniel Ricciardo,1,McLaren,44
817,Daniel Ricciardo,4,Renault,38
817,Daniel Ricciardo,5,Toro Rosso,39
817,Daniel Ricciardo,9,Red Bull,100
817,Daniel Ricciardo,164,HRT,11
817,Daniel Ricciardo,213,AlphaTauri,7
817,Daniel Ricciardo,215,RB F1 Team,18
818,Jean-Éric Vergne,5,Toro Rosso,58
819,Charles Pic,206,Marussia,20
819,Charles Pic,207,Caterham,19
820,Max Chilton,206,Marussia,35
821,Esteban Gutiérrez,15,Sauber,38
821,Esteban Gutiérrez,210,Haas F1 Team,21
822,Valtteri Bottas,3,Williams,78
822,Valtteri Bottas,15,Sauber,24
822,Valtteri Bottas,51,Alfa Romeo,44
822,Valtteri Bottas,131,Mercedes,101
823,Giedo van der Garde,207,Caterham,19
824,Jules Bianchi,206,Marussia,34
825,Kevin Magnussen,1,McLaren,20
825,Kevin Magnussen,4,Renault,21
825,Kevin Magnussen,210,Haas F1 Team,145
826,Daniil Kvyat,5,Toro Rosso,72
826,Daniil Kvyat,9,Red Bull,23
826,Daniil Kvyat,213,AlphaTauri,17
827,André Lotterer,207,Caterham,1
828,Marcus Ericsson,15,Sauber,81
828,Marcus Ericsson,207,Caterham,16
829,Will Stevens,207,Caterham,1
829,Will Stevens,209,Manor Marussia,18
830,Max Verstappen,5,Toro Rosso,23
830,Max Verstappen,9,Red Bull,186
831,Felipe Nasr,15,Sauber,40
832,Carlos Sainz,1,McLaren,38
832,Carlos Sainz,4,Renault,25
832,Carlos Sainz,5,Toro Rosso,56
832,Carlos Sainz,6,Ferrari,89
833,Roberto Merhi,209,Manor Marussia,13
834,Alexander Rossi,209,Manor Marussia,5
835,Jolyon Palmer,4,Renault,37
836,Pascal Wehrlein,15,Sauber,18
836,Pascal Wehrlein,209,Manor Marussia,21
837,Rio Haryanto,209,Manor Marussia,12
838,Stoffel Vandoorne,1,McLaren,42
839,Esteban Ocon,4,Renault,17
839,Esteban Ocon,10,Force India,41
839,Esteban Ocon,209,Manor Marussia,9
839,Esteban Ocon,214,Alpine F1 Team,89
840,Lance Stroll,3,Williams,41
840,Lance Stroll,117,Aston Martin,90
840,Lance Stroll,211,Racing Point,37
841,Antonio Giovinazzi,15,Sauber,2
841,Antonio Giovinazzi,51,Alfa Romeo,60
842,Pierre Gasly,5,Toro Rosso,35
842,Pierre Gasly,9,Red Bull,12
842,Pierre Gasly,213,AlphaTauri,61
842,Pierre Gasly,214,Alpine F1 Team,46
843,Brendon Hartley,5,Toro Rosso,25
844,Charles Leclerc,6,Ferrari,128
844,Charles Leclerc,15,Sauber,21
845,Sergey Sirotkin,3,Williams,21
846,Lando Norris,1,McLaren,128
847,George Russell,3,Williams,59
847,George Russell,131,Mercedes,69
848,Alexander Albon,3,Williams,67
848,Alexander Albon,5,Toro Rosso,12
848,Alexander Albon,9,Red Bull,26
849,Nicholas Latifi,3,Williams,61
850,Pietro Fittipaldi,210,Haas F1 Team,2
851,Jack Aitken,3,Williams,1
852,Yuki Tsunoda,213,AlphaTauri,66
852,Yuki Tsunoda,215,RB F1 Team,24
853,Nikita Mazepin,210,Haas F1 Team,22
854,Mick Schumacher,210,Haas F1 Team,44
855,Guanyu Zhou,15,Sauber,24
855,Guanyu Zhou,51,Alfa Romeo,44
856,Nyck de Vries,3,Williams,1
856,Nyck de Vries,213,AlphaTauri,10
857,Oscar Piastri,1,McLaren,46
858,Logan Sargeant,3,Williams,36
859,Liam Lawson,213,AlphaTauri,5
859,Liam Lawson,215,RB F1 Team,6
860,Oliver Bearman,6,Ferrari,1
860,Oliver Bearman,210,Haas F1 Team,2
861,Franco Colapinto,3,Williams,9
862,Jack Doohan,214,Alpine F1 Team,1
